CÓDIGO_INSTITUCIÓN_PADRE,CÓDIGO_INSTITUCIÓN,# universidad,NOMBRE_INSTITUCIÓN,ESTADO_INSTITUCIÓN,CARÁCTER_ACADÉMICO,SECTOR,codigoprograma,NOMBRE_DEL_PROGRAMA,,,,,,,,,,,,,,,,
1105,1105,1,UNIVERSIDAD PEDAGOGICA NACIONAL,Activa,Universidad,Oficial,1.1,ESPECIALIZACIÓN EN PEDAGOGIA,,,,,,,,,,,,,,,,
1105,1105,1,UNIVERSIDAD PEDAGOGICA NACIONAL,Activa,Universidad,Oficial,1.2,MAESTRÍA EN ESTUDIOS CONTEMPORÁNEOS EN ENSEÑANZA DE LA BIOLOGÍA,,,,,,,,,,,,,,,,
1106,1106,2,UNIVERSIDAD PEDAGOGICA Y TECNOLOGICA DE COLOMBIA - UPTC,Activa,Universidad,Oficial,2.1,ESPECIALIZACIÓN EN ALTA GERENCIA DE EMPRESAS,,,,,,,,,,,,,SE ENCUENTRA LA CARRERA Y EL PLAN DE ESTUDIO ,,,
1106,1106,2,UNIVERSIDAD PEDAGOGICA Y TECNOLOGICA DE COLOMBIA - UPTC,Activa,Universidad,Oficial,2.2,ESPECIALIZACIÓN EN DIDÁCTICA DE LA MATEMÁTICA PARA LA EDUCACIÓN BÁSICA,,,,,,,,,,,,,SOLO SE ENCUENTRA LA CARRERA Y EL PLAN DE ESTUDIOS NO ,,,
1106,1106,2,UNIVERSIDAD PEDAGOGICA Y TECNOLOGICA DE COLOMBIA - UPTC,Activa,Universidad,Oficial,2.3,ESPECIALIZACIÓN EN GERENCIA DE EMPRESAS DE SALUD,,,,,,,,,,,,,NO SE ENCUENTRA LA CARRERA NI EL PLAN DE ESTUDIO ,,,
1106,1106,2,UNIVERSIDAD PEDAGOGICA Y TECNOLOGICA DE COLOMBIA - UPTC,Activa,Universidad,Oficial,2.4,ESPECIALIZACIÓN EN GESTIÓN DE INTEGRIDAD Y CORROSIÓN,,,,,,,,,,,,,,,,
1106,1106,2,UNIVERSIDAD PEDAGOGICA Y TECNOLOGICA DE COLOMBIA - UPTC,Activa,Universidad,Oficial,2.5,ESPECIALIZACIÓN EN PEDAGOGÍA DE LA LENGUA CASTELLANA Y LITERATURA,,,,,,,,,,,,,,,,
1106,1106,2,UNIVERSIDAD PEDAGOGICA Y TECNOLOGICA DE COLOMBIA - UPTC,Activa,Universidad,Oficial,2.6,MAESTRÍA EN DIDÁCTICA DE LA MATEMÁTICA,,,,,,,,,,,,,,,,
1106,1106,2,UNIVERSIDAD PEDAGOGICA Y TECNOLOGICA DE COLOMBIA - UPTC,Activa,Universidad,Oficial,2.7,MAESTRÍA EN GESTIÓN DE INTEGRIDAD Y CORROSIÓN,,,,,,,,,,,,,,,,
1106,1107,2,UNIVERSIDAD PEDAGOGICA Y TECNOLOGICA DE COLOMBIA - UPTC,Activa,Universidad,Oficial,2.8,MAESTRÍA EN INNOVACIÓN Y MARKETING TURÍSTICO,,,,,,,,,,,,,,,,
1110,1110,3,UNIVERSIDAD DEL CAUCA,Activa,Universidad,Oficial,3.1,MAESTRÍA EN EDUCACIÓN SUPERIOR,,,,,,,,,,,,,,,,
1111,1111,4,UNIVERSIDAD TECNOLOGICA DE PEREIRA - UTP,Activa,Universidad,Oficial,4.1,ESPECIALIZACIÓN EN ENSEÑANZA DE LA FÍSICA,,,,,,,,,,,,,,,,
1111,1111,4,UNIVERSIDAD TECNOLOGICA DE PEREIRA - UTP,Activa,Universidad,Oficial,4.2,ESPECIALIZACIÓN EN GESTIÓN AMBIENTAL LOCAL,,,,,,,,,,,,,,,,
1111,1111,4,UNIVERSIDAD TECNOLOGICA DE PEREIRA - UTP,Activa,Universidad,Oficial,4.3,MAESTRÍA EN EDUCACIÓN,,,,,,,,,,,,,,,,
1114,1114,5,UNIVERSIDAD SURCOLOMBIANA,Activa,Universidad,Oficial,5.1,MAESTRIA EN PSICOLOGIA AMBIENTAL,,,,,,,,,,,,,,,,
1117,1117,6,UNIVERSIDAD MILITAR-NUEVA GRANADA,Activa,Universidad,Oficial,6.1,ESPECIALIZACIÓN EN ALTA GERENCIA,,,,,,,,,,,,,,,,
1119,1119,7,UNIVERSIDAD DE LOS LLANOS,Activa,Universidad,Oficial,7.1,ESPECIALIZACIÓN EN GESTIÓN DE PROYECTOS,,,,,,,,,,,,,,,,
1120,1120,8,UNIVERSIDAD POPULAR DEL CESAR,Activa,Universidad,Oficial,8.1,ESPECIALIZACIÓN EN PEDAGOGÍA AMBIENTAL,,,,,,,,,,,,,,,,
1120,1120,8,UNIVERSIDAD POPULAR DEL CESAR,Activa,Universidad,Oficial,8.2,ESPECIALIZACIÓN EN TIC PARA EL DISEÑO DE ESTRATEGIAS DIDÁCTICAS EN EDUCACIÓN,,,,,,,,,,,,,,,,
1120,1120,8,UNIVERSIDAD POPULAR DEL CESAR,Activa,Universidad,Oficial,8.3,MAESTRÍA EN EDUCACIÓN PARA EL DESARROLLO SOCIOCULTURAL,,,,,,,,,,,,,,,,
1120,1120,8,UNIVERSIDAD POPULAR DEL CESAR,Activa,Universidad,Oficial,8.4,MAESTRÍA EN PEDAGOGÍA AMBIENTAL PARA EL DESARROLLO SOSTENIBLE,,,,,,,,,,,,,,,,
1201,1201,9,UNIVERSIDAD DE ANTIOQUIA,Activa,Universidad,Oficial,9.1,ESPECIALIZACIÓN EN EVALUACIÓN ECONOMICA EN SALUD,,,,,,,,,,,,,,,,
1201,1201,9,UNIVERSIDAD DE ANTIOQUIA,Activa,Universidad,Oficial,9.2,ESPECIALIZACIÓN EN EXTENSIÓN RURAL,,,,,,,,,,,,,,,,
1201,1201,9,UNIVERSIDAD DE ANTIOQUIA,Activa,Universidad,Oficial,9.3,ESPECIALIZACIÓN EN GESTIÓN AMBIENTAL,,,,,,,,,,,,,,,,
1201,1201,9,UNIVERSIDAD DE ANTIOQUIA,Activa,Universidad,Oficial,9.4,ESPECIALIZACIÓN EN GESTION DE ACTIVOS,,,,,,,,,,,,,,,,
1201,1201,9,UNIVERSIDAD DE ANTIOQUIA,Activa,Universidad,Oficial,9.5,ESPECIALIZACION TECNOLOGICA EN REGENCIA DE FARMACIA,,,,,,,,,,,,,,,,
1201,1201,9,UNIVERSIDAD DE ANTIOQUIA,Activa,Universidad,Oficial,9.6,MAESTRÍA EN EDUCACIÓN,,,,,,,,,,,,,,,,
1201,1201,9,UNIVERSIDAD DE ANTIOQUIA,Activa,Universidad,Oficial,9.7,MAESTRIA EN ENSEÑANZA DE LAS MATEMATICAS,,,,,,,,,,,,,,,,
1201,1201,9,UNIVERSIDAD DE ANTIOQUIA,Activa,Universidad,Oficial,9.8,MAESTRÍA EN GESTIÓN AMBIENTAL,,,,,,,,,,,,,,,,
1201,1201,9,UNIVERSIDAD DE ANTIOQUIA,Activa,Universidad,Oficial,9.9,MAESTRIA EN POLITICAS PÚBLICAS ALIMENTARIAS Y NUTRICIONALES,,,,,,,,,,,,,,,,
1201,1201,9,UNIVERSIDAD DE ANTIOQUIA,Activa,Universidad,Oficial,9.10,MAESTRÍA EN TELESALUD,,,,,,,,,,,,,,,,
1204,1204,12,UNIVERSIDAD INDUSTRIAL DE SANTANDER,Activa,Universidad,Oficial,12.1,MAESTRIA EN INFORMATICA PARA LA EDUCACION,,,,,,,,,,,,,,,,
1205,1205,13,UNIVERSIDAD DE CARTAGENA,Activa,Universidad,Oficial,13.1,ESPECIALIZACIÓN EN DIDÁCTICA Y TIC,,,,,,,,,,,,,,,,
1205,1205,13,UNIVERSIDAD DE CARTAGENA,Activa,Universidad,Oficial,13.2,MAESTRIA EN ENFERMERÍA,,,,,,,,,,,,,,,,
1205,1205,13,UNIVERSIDAD DE CARTAGENA,Activa,Universidad,Oficial,13.3,MAESTRÍA EN RECURSOS DIGITALES APLICADOS A LA EDUCACIÓN,,,,,,,,,,,,,,,,
1206,1206,14,UNIVERSIDAD DE NARIÑO,Activa,Universidad,Oficial,14.1,MAESTRÍA EN EDUCACIÓN VIRTUAL,,,,,,,,,,,,,,,,
1207,1207,15,UNIVERSIDAD DEL TOLIMA,Activa,Universidad,Oficial,15.1,ESPECIALIZACIÓN EN EDUCACIÓN PARA LA DIVERSIDAD EN LA NIÑEZ,,,,,,,,,,,,,,,,
1207,1207,15,UNIVERSIDAD DEL TOLIMA,Activa,Universidad,Oficial,15.2,ESPECIALIZACIÓN EN FINANZAS,,,,,,,,,,,,,,,,
1207,1207,15,UNIVERSIDAD DEL TOLIMA,Activa,Universidad,Oficial,15.3,ESPECIALIZACION EN GERENCIA DE INSTITUCIONES EDUCATIVAS,,,,,,,,,,,,,,,,
1207,1207,15,UNIVERSIDAD DEL TOLIMA,Activa,Universidad,Oficial,15.4,ESPECIALIZACION EN GERENCIA DE PROYECTOS,,,,,,,,,,,,,,,,
1207,1207,15,UNIVERSIDAD DEL TOLIMA,Activa,Universidad,Oficial,15.5,MAESTRÍA EN PEDAGOGÍA DE LA LITERATURA,,,,,,,,,,,,,,,,
1207,1207,15,UNIVERSIDAD DEL TOLIMA,Activa,Universidad,Oficial,15.6,MAESTRÍA EN PEDAGOGÍA Y MEDIACIONES TECNOLÓGICAS,,,,,,,,,,,,,,,,
1209,1209,16,UNIVERSIDAD FRANCISCO DE PAULA SANTANDER,Activa,Universidad,Oficial,16.1,"ESPECIALIZACIÓN EN EDUCACIÓN, EMPRENDIMIENTO Y ECONOMÍA SOLIDARIA",,,,,,,,,,,,,,,,
1209,1209,16,UNIVERSIDAD FRANCISCO DE PAULA SANTANDER,Activa,Universidad,Oficial,16.2,MAESTRIA EN TECNOLOGIAS DE LA INFORMACION Y LA COMUNICACION (TIC) APLICADAS A LA EDUCACION,,,,,,,,,,,,,,,,
1209,1210,16,UNIVERSIDAD FRANCISCO DE PAULA SANTANDER,Activa,Universidad,Oficial,16.4,ESPECIALIZACIÓN EN SISTEMAS DE GESTIÓN INTEGRAL HSEQ,,,,,,,,,,,,,,,,
1212,1212,17,UNIVERSIDAD DE PAMPLONA,Activa,Universidad,Oficial,17.1,MAESTRÍA EN ADMINISTRACIÓN,,,,,,,,,,,,,,,,
1212,1212,17,UNIVERSIDAD DE PAMPLONA,Activa,Universidad,Oficial,17.2,MAESTRÍA EN CIENCIAS ECONÓMICAS Y EMPRESARIALES,,,,,,,,,,,,,,,,
1212,1212,17,UNIVERSIDAD DE PAMPLONA,Activa,Universidad,Oficial,17.3,MAESTRÍA EN EDUCACIÓN,,,,,,,,,,,,,,,,
1213,1213,18,UNIVERSIDAD DEL MAGDALENA - UNIMAGDALENA,Activa,Universidad,Oficial,18.1,ESPECIALIZACION EN DOCENCIA UNIVERSITARIA,,,,,,,,,,,,,,,,
1213,1213,18,UNIVERSIDAD DEL MAGDALENA - UNIMAGDALENA,Activa,Universidad,Oficial,18.2,ESPECIALIZACION EN GESTION Y LEGISLACION AMBIENTAL,,,,,,,,,,,,,,,,
1213,1213,18,UNIVERSIDAD DEL MAGDALENA - UNIMAGDALENA,Activa,Universidad,Oficial,18.3,MAESTRIA EN ARGUMENTACION JURIDICA,,,,,,,,,,,,,,,,
1213,1213,18,UNIVERSIDAD DEL MAGDALENA - UNIMAGDALENA,Activa,Universidad,Oficial,18.4,MAESTRÍA EN ESCRITURAS AUDIOVISUALES,,,,,,,,,,,,,,,,
1213,1213,18,UNIVERSIDAD DEL MAGDALENA - UNIMAGDALENA,Activa,Universidad,Oficial,18.5,MAESTRIA EN PRODUCCION AUDIOVISUAL CREATIVA,,,,,,,,,,,,,,,,
1214,1214,19,UNIVERSIDAD DE CUNDINAMARCA-UDEC,Activa,Universidad,Oficial,19.1,ESPECIALIZACIÓN EN GESTIÓN DE SISTEMAS DE INFORMACIÓN GERENCIAL.,,,,,,,,,,,,,,,,
1301,1301,20,UNIVERSIDAD DISTRITAL-FRANCISCO JOSE DE CALDAS,Activa,Universidad,Oficial,20.1,MAESTRÍA EN EDUCACIÓN EN TECNOLOGÍA,,,,,,,,,,,,,,,,
1301,1301,20,UNIVERSIDAD DISTRITAL-FRANCISCO JOSE DE CALDAS,Activa,Universidad,Oficial,20.3,MAESTRÍA EN TELECOMUNICACIONES MÓVILES,,,,,,,,,,,,,,,,
1701,1701,21,PONTIFICIA UNIVERSIDAD JAVERIANA,Activa,Universidad,Privado,21.1,ESPECIALIZACIÓN EN DERECHO MATRIMONIAL CANÓNICO,,,,,,,,,,,,,,,,
1701,1701,21,PONTIFICIA UNIVERSIDAD JAVERIANA,Activa,Universidad,Privado,21.3,ESPECIALIZACION EN LIDERAZGO PARA LA GESTION SOCIAL,,,,,,,,,,,,,,,,
1701,1701,21,PONTIFICIA UNIVERSIDAD JAVERIANA,Activa,Universidad,Privado,21.4,MAESTRIA EN EDUCACION PARA LA INNOVACION Y LAS CIUDADANIAS,,,,,,,,,,,,,,,,
1701,1701,21,PONTIFICIA UNIVERSIDAD JAVERIANA,Activa,Universidad,Privado,21.5,MAESTRIA EN ESTUDIOS CRITICOS DE LAS MIGRACIONES CONTEMPORANEAS,,,,,,,,,,,,,,,,
1701,1701,21,PONTIFICIA UNIVERSIDAD JAVERIANA,Activa,Universidad,Privado,21.6,MAESTRÍA EN ESTUDIOS CULTURALES LATINOAMERICANOS,,,,,,,,,,,,,,,,
1701,1702,21,PONTIFICIA UNIVERSIDAD JAVERIANA,Activa,Universidad,Privado,21.7,ESPECIALIZACIÓN EN GESTIÓN DE LAS ARTES Y LA CULTURA,,,,,,,,,,,,,,,,
1701,1702,21,PONTIFICIA UNIVERSIDAD JAVERIANA,Activa,Universidad,Privado,21.8,MAESTRÍA EN ASESORÍA FAMILIAR,,,,,,,,,,,,,,,,
1701,1702,21,PONTIFICIA UNIVERSIDAD JAVERIANA,Activa,Universidad,Privado,21.9,MAESTRÍA EN CIENCIA DE DATOS,,,,,,,,,,,,,,,,
1704,1704,22,UNIVERSIDAD SANTO TOMAS,Activa,Universidad,Privado,22.1,ESPECIALIZACIÓN EN DEFENSA DE LOS DERECHOS HUMANOS,,,,,,,,,,,,,,,,
1704,1704,22,UNIVERSIDAD SANTO TOMAS,Activa,Universidad,Privado,22.2,ESPECIALIZACION EN GERENCIA DE EMPRESAS AGROPECUARIAS,,,,,,,,,,,,,,,,
1704,1704,22,UNIVERSIDAD SANTO TOMAS,Activa,Universidad,Privado,22.3,ESPECIALIZACION EN GERENCIA DE INSTITUCIONES DE SEGURIDAD SOCIAL EN SALUD,,,,,,,,,,,,,,,,
1704,1704,22,UNIVERSIDAD SANTO TOMAS,Activa,Universidad,Privado,22.4,ESPECIALIZACION EN GESTION INTEGRAL DE CUENCAS HIDROGRAFICAS,,,,,,,,,,,,,,,,
1704,1704,22,UNIVERSIDAD SANTO TOMAS,Activa,Universidad,Privado,22.5,ESPECIALIZACION EN GESTION PARA EL DESARROLLO EMPRESARIAL,,,,,,,,,,,,,,,,
1704,1704,22,UNIVERSIDAD SANTO TOMAS,Activa,Universidad,Privado,22.6,ESPECIALIZACION EN PATOLOGIA DE LA CONSTRUCCION,,,,,,,,,,,,,,,,
1704,1704,22,UNIVERSIDAD SANTO TOMAS,Activa,Universidad,Privado,22.7,ESPECIALIZACIÓN EN PEDAGOGÍA PARA LA EDUCACIÓN SUPERIOR,,,,,,,,,,,,,,,,
1704,1704,22,UNIVERSIDAD SANTO TOMAS,Activa,Universidad,Privado,22.8,MAESTRÍA EN AMBIENTES BILINGÜES DE APRENDIZAJE,,,,,,,,,,,,,,,,
1704,1704,22,UNIVERSIDAD SANTO TOMAS,Activa,Universidad,Privado,22.9,MAESTRÍA EN DIDÁCTICA,,,,,,,,,,,,,,,,
1704,1704,22,UNIVERSIDAD SANTO TOMAS,Activa,Universidad,Privado,22.10,MAESTRIA EN EDUCACION,,,,,,,,,,,,,,,,
1704,1704,22,UNIVERSIDAD SANTO TOMAS,Activa,Universidad,Privado,22.11,MAESTRÍA EN GESTIÓN DE CUENCAS HIDROGRÁFICAS,,,,,,,,,,,,,,,,
1704,1704,22,UNIVERSIDAD SANTO TOMAS,Activa,Universidad,Privado,22.12,MAESTRÍA EN GESTIÓN Y EVALUACIÓN EDUCATIVA,,,,,,,,,,,,,,,,
1704,1705,22,UNIVERSIDAD SANTO TOMAS,Activa,Universidad,Privado,22.13,ESPECIALIZACIÓN EN  SEGURIDAD Y SALUD EN EL TRABAJO,,,,,,,,,,,,,,,,
1704,1705,22,UNIVERSIDAD SANTO TOMAS,Activa,Universidad,Privado,22.14,ESPECIALIZACION EN ADMINISTRACION DEPORTIVA,,,,,,,,,,,,,,,,
1704,1705,22,UNIVERSIDAD SANTO TOMAS,Activa,Universidad,Privado,22.15,ESPECIALIZACION EN FINANZAS PUBLICAS,,,,,,,,,,,,,,,,
1704,1705,22,UNIVERSIDAD SANTO TOMAS,Activa,Universidad,Privado,22.16,ESPECIALIZACION EN GERENCIA DE LA INTERNACIONALIZACION EMPRESARIAL,,,,,,,,,,,,,,,,
1704,1705,22,UNIVERSIDAD SANTO TOMAS,Activa,Universidad,Privado,22.17,ESPECIALIZACION EN INTERVENTORIA Y SUPERVISIÓN DE LA CONSTRUCCION,,,,,,,,,,,,,,,,
1704,1705,22,UNIVERSIDAD SANTO TOMAS,Activa,Universidad,Privado,22.19,ESPECIALIZACIÓN EN NEGOCIOS GLOBALES E INNOVACIÓN,,,,,,,,,,,,,,,,
1704,1705,22,UNIVERSIDAD SANTO TOMAS,Activa,Universidad,Privado,22.20,ESPECIALIZACION EN REVISORIA FISCAL Y AUDITORIA EXTERNA,,,,,,,,,,,,,,,,
1704,1705,22,UNIVERSIDAD SANTO TOMAS,Activa,Universidad,Privado,22.21,ESPECIALIZACION EN SEGURIDAD SOCIAL,,,,,,,,,,,,,,,,
1704,1705,22,UNIVERSIDAD SANTO TOMAS,Activa,Universidad,Privado,22.22,MAESTRÍA EN DIRECCIÓN Y GESTIÓN DE PROYECTOS,,,,,,,,,,,,,,,,
1704,1732,22,UNIVERSIDAD SANTO TOMAS,Activa,Universidad,Privado,22.23,DOCTORADO EN DERECHO PÚBLICO,,,,,,,,,,,,,,,,
1704,1732,22,UNIVERSIDAD SANTO TOMAS,Activa,Universidad,Privado,22.24,ESPECIALIZACIÓN EN GERENCIA ESTRATÉGICA DE COSTOS,,,,,,,,,,,,,,,,
1706,1706,23,UNIVERSIDAD EXTERNADO DE COLOMBIA,Activa,Universidad,Privado,23.2,ESPECIALIZACIÓN EN SOSTENIBILIDAD DE INSTITUCIONES CULTURALES,,,,,,,,,,,,,,,,
1706,1706,23,UNIVERSIDAD EXTERNADO DE COLOMBIA,Activa,Universidad,Privado,23.3,MAESTRÍA EN ESTUDIOS TRANSDISCIPLINARIOS EN SALUD,,,,,,,,,,,,,,,,
1706,1706,23,UNIVERSIDAD EXTERNADO DE COLOMBIA,Activa,Universidad,Privado,23.4,MAESTRÍA EN REGULACIÓN ENERGÉTICA,,,,,,,,,,,,,,,,
1707,1707,24,FUNDACION UNIVERSIDAD DE BOGOTA - JORGE TADEO LOZANO,Activa,Universidad,Privado,24.1,ESPECIALIZACIÓN EN DERECHO DEL MEDIO AMBIENTE,,,,,,,,,,,,,,,,
1709,1709,25,UNIVERSIDAD CENTRAL,Activa,Universidad,Privado,25.1,ESPECIALIZACIÓN EN PUBLICIDAD DIGITAL,,,,,,,,,,,,,,,,
1710,1710,26,UNIVERSIDAD PONTIFICIA BOLIVARIANA,Activa,Universidad,Privado,26.1,ESPECIALIZACION EN COMUNICACIÓN Y PERIODISMO DIGITAL,,,,,,,,,,,,,,,,
1710,1710,26,UNIVERSIDAD PONTIFICIA BOLIVARIANA,Activa,Universidad,Privado,26.2,ESPECIALIZACIÓN EN ESTRATEGIA GERENCIAL Y PROSPECTIVA,,,,,,,,,,,,,,,,
1710,1710,26,UNIVERSIDAD PONTIFICIA BOLIVARIANA,Activa,Universidad,Privado,26.3,ESPECIALIZACIÓN EN GERENCIA,,,,,,,,,,,,,,,,
1710,1710,26,UNIVERSIDAD PONTIFICIA BOLIVARIANA,Activa,Universidad,Privado,26.4,ESPECIALIZACION EN GERENCIA PUBLICA,,,,,,,,,,,,,,,,
1710,1710,26,UNIVERSIDAD PONTIFICIA BOLIVARIANA,Activa,Universidad,Privado,26.5,ESPECIALIZACIÓN PROCESOS TEXTILES DE ALTO VALOR,,,,,,,,,,,,,,,,
1710,1710,26,UNIVERSIDAD PONTIFICIA BOLIVARIANA,Activa,Universidad,Privado,26.6,MAESTRIA EN CIENCIAS NATURALES Y MATEMÁTICA,,,,,,,,,,,,,,,,
1710,1710,26,UNIVERSIDAD PONTIFICIA BOLIVARIANA,Activa,Universidad,Privado,26.7,MAESTRIA EN COMUNICACION DIGITAL,,,,,,,,,,,,,,,,
1710,1710,26,UNIVERSIDAD PONTIFICIA BOLIVARIANA,Activa,Universidad,Privado,26.8,MAESTRIA EN EDUCACION,,,,,,,,,,,,,,,,
1710,1710,26,UNIVERSIDAD PONTIFICIA BOLIVARIANA,Activa,Universidad,Privado,26.9,MAESTRIA EN EDUCACION,,,,,,,,,,,,,,,,
1710,1710,26,UNIVERSIDAD PONTIFICIA BOLIVARIANA,Activa,Universidad,Privado,26.10,MAESTRIA EN EDUCACION,,,,,,,,,,,,,,,,
1710,1710,26,UNIVERSIDAD PONTIFICIA BOLIVARIANA,Activa,Universidad,Privado,26.11,MAESTRIA EN GESTION ESTRATÉGICA DE LA INFORMACIÓN Y EL CONOCIMIENTO,,,,,,,,,,,,,,,,
1710,1710,26,UNIVERSIDAD PONTIFICIA BOLIVARIANA,Activa,Universidad,Privado,26.12,MAESTRIA EN LITERATURA,,,,,,,,,,,,,,,,
1710,1710,26,UNIVERSIDAD PONTIFICIA BOLIVARIANA,Activa,Universidad,Privado,26.13,MAESTRIA EN PROCESOS DE APRENDIZAJE Y ENSEÑANZA DE SEGUNDAS LENGUAS,,,,,,,,,,,,,,,,
1710,1710,26,UNIVERSIDAD PONTIFICIA BOLIVARIANA,Activa,Universidad,Privado,26.14,MAESTRIA EN PSICOPEDAGOGIA,,,,,,,,,,,,,,,,
1710,1710,26,UNIVERSIDAD PONTIFICIA BOLIVARIANA,Activa,Universidad,Privado,26.15,MAESTRÍA EN SOSTENIBILIDAD,,,,,,,,,,,,,,,,
1710,1723,26,UNIVERSIDAD PONTIFICIA BOLIVARIANA,Activa,Universidad,Privado,26.16,ESPECIALIZACIÓN EN GERENCIA DE TECNOLOGÍAS DE INFORMACIÓN,,,,,,,,,,,,,,,,
1710,1723,26,UNIVERSIDAD PONTIFICIA BOLIVARIANA,Activa,Universidad,Privado,26.17,ESPECIALIZACIÓN EN GESTIÓN DE LA SOSTENIBILIDAD,,,,,,,,,,,,,,,,
1710,1723,26,UNIVERSIDAD PONTIFICIA BOLIVARIANA,Activa,Universidad,Privado,26.18,ESPECIALIZACIÓN EN GESTIÓN DE PROYECTOS,,,,,,,,,,,,,,,,
1710,1723,26,UNIVERSIDAD PONTIFICIA BOLIVARIANA,Activa,Universidad,Privado,26.19,ESPECIALIZACION EN GESTION ESTRATEGICA DE LA COMUNICACION,,,,,,,,,,,,,,,,
1710,1723,26,UNIVERSIDAD PONTIFICIA BOLIVARIANA,Activa,Universidad,Privado,26.20,ESPECIALIZACIÓN EN PRESERVACIÓN Y CONSERVACIÓN DE LOS RECURSOS NATURALES,,,,,,,,,,,,,,,,
1710,1723,26,UNIVERSIDAD PONTIFICIA BOLIVARIANA,Activa,Universidad,Privado,26.21,ESPECIALIZACIÓN EN SEGURIDAD INFORMATICA,,,,,,,,,,,,,,,,
1710,1723,26,UNIVERSIDAD PONTIFICIA BOLIVARIANA,Activa,Universidad,Privado,26.27,MAESTRÍA EN INNOVACIÓN SOCIAL Y TERRITORIO,,,,,,,,,,,,,,,,
1711,1711,27,UNIVERSIDAD DE LA SABANA,Activa,Universidad,Privado,27.1,ESPECIALIZACIÓN EN GERENCIA COMERCIAL,,,,,,,,,,,,,,,,
1711,1711,27,UNIVERSIDAD DE LA SABANA,Activa,Universidad,Privado,27.2,ESPECIALIZACIÓN EN GERENCIA ESTRATÉGICA,,,,,,,,,,,,,,,,
1711,1711,27,UNIVERSIDAD DE LA SABANA,Activa,Universidad,Privado,27.3,ESPECIALIZACIÓN EN GESTIÓN PARA EL DESARROLLO HUMANO EN LA ORGANIZACIÓN,,,,,,,,,,,,,,,,
1711,1711,27,UNIVERSIDAD DE LA SABANA,Activa,Universidad,Privado,27.4,ESPECIALIZACION EN PEDAGOGIA E INVESTIGACION EN EL AULA,,,,,,,,,,,,,,,,
1711,1711,27,UNIVERSIDAD DE LA SABANA,Activa,Universidad,Privado,27.5,MAESTRÍA EN ASESORÍA FAMILIAR Y GESTIÓN DE PROGRAMAS PARA LA FAMILIA,,,,,,,,,,,,,,,,
1711,1711,27,UNIVERSIDAD DE LA SABANA,Activa,Universidad,Privado,27.6,MAESTRÍA EN DIDÁCTICA DEL INGLÉS PARA EL APRENDIZAJE AUTODIRIGIDO,,,,,,,,1,,,,,,,,
1711,1711,27,UNIVERSIDAD DE LA SABANA,Activa,Universidad,Privado,27.7,MAESTRÍA EN ENFERMERIA,,,,,,,,,,,,,,,,
1712,1712,28,UNIVERSIDAD EAFIT-,Activa,Universidad,Privado,28.1,ESPECIALIZACIÓN EN GERENCIA DEL DESARROLLO HUMANO,,,,,,,,,,,,,,,,
1712,1712,28,UNIVERSIDAD EAFIT-,Activa,Universidad,Privado,28.2,MAESTRÍA EN DESARROLLO HUMANO ORGANIZACIONAL,,,,,,,,,,,,,,,,
1712,1712,28,UNIVERSIDAD EAFIT-,Activa,Universidad,Privado,28.3,MAESTRÍA EN GERENCIA DE EMPRESAS SOCIALES PARA LA INNOVACIÓN SOCIAL Y EL DESARROLLO LOCAL,,,,,,,,,,,,,,,,
1712,1712,28,UNIVERSIDAD EAFIT-,Activa,Universidad,Privado,28.4,MAESTRÍA EN GERENCIA DE LA INNOVACIÓN Y EL CONOCIMIENTO,,,,,,,,,,,,,,,,
1712,1712,28,UNIVERSIDAD EAFIT-,Activa,Universidad,Privado,28.5,MAESTRÍA EN LECTURA Y ESCRITURA,,,,,,,,,,,,,,,,
1713,1713,29,UNIVERSIDAD DEL NORTE,Activa,Universidad,Privado,29.1,MAESTRÍA EN EDUCACIÓN MEDIADA POR TIC,,,,,,,,,,,,,,,,
1713,1713,29,UNIVERSIDAD DEL NORTE,Activa,Universidad,Privado,29.2,MAESTRÍA EN PEDAGOGÍA SOCIAL E INTERVENCIÓN EDUCATIVA EN CONTEXTOS SOCIALES,,,,,,,,,,,,,,,,
1714,1714,30,COLEGIO MAYOR DE NUESTRA SEÑORA DEL ROSARIO,Activa,Universidad,Privado,30.1,ESPECIALIZACIÓN EN EDUCACIÓN PARA LA PAZ Y FORMACIÓN CIUDADANA,,,,,,,,,,,,,,,,
1714,1714,30,COLEGIO MAYOR DE NUESTRA SEÑORA DEL ROSARIO,Activa,Universidad,Privado,30.2,ESPECIALIZACIÓN EN EDUCACIÓN PARA PROFESIONALES DE LA SALUD,,,,,,,,,,,,,,,,
1714,1714,30,COLEGIO MAYOR DE NUESTRA SEÑORA DEL ROSARIO,Activa,Universidad,Privado,30.3,ESPECIALIZACIÓN EN GERENCIA INTEGRAL DE SERVICIOS DE SALUD,,,,,,,,,,,,,,,,
1714,1714,30,COLEGIO MAYOR DE NUESTRA SEÑORA DEL ROSARIO,Activa,Universidad,Privado,30.4,ESPECIALIZACIÓN EN GERENCIA Y GESTIÓN CULTURAL,,,,,,,,,,,,,,,,
1714,1714,30,COLEGIO MAYOR DE NUESTRA SEÑORA DEL ROSARIO,Activa,Universidad,Privado,30.5,ESPECIALIZACIÓN EN GOBERNANZA Y DESARROLLO TERRITORIAL,,,,,,,,,,,,,,,,
1714,1714,30,COLEGIO MAYOR DE NUESTRA SEÑORA DEL ROSARIO,Activa,Universidad,Privado,30.6,ESPECIALIZACIÓN EN INNOVACIÓN PEDAGÓGICA,,,,,,,,,,,,,,,,
1714,1714,30,COLEGIO MAYOR DE NUESTRA SEÑORA DEL ROSARIO,Activa,Universidad,Privado,30.7,MAESTRÍA EN EDUCACIÓN PARA PROFESIONALES DE LA SALUD,,,,,,,,,,,,,,,,
1715,1715,31,FUNDACION UNIVERSIDAD DE AMERICA,Activa,Universidad,Privado,31.1,ESPECIALIZACION EN GERENCIA DE LA CALIDAD,,,,,,,,,,,,,,,,
1718,1716,32,UNIVERSIDAD DE SAN BUENAVENTURA,Activa,Universidad,Privado,32.1,ESPECIALIZACIÓN EN DERECHO PROCESAL,,,,,,,,,,,,,,,,
1718,1716,32,UNIVERSIDAD DE SAN BUENAVENTURA,Activa,Universidad,Privado,32.2,ESPECIALIZACIÓN EN DESARROLLO TERRITORIAL Y GESTIÓN PÚBLICA,,,,,,,,,,,,,,,,
1718,1716,32,UNIVERSIDAD DE SAN BUENAVENTURA,Activa,Universidad,Privado,32.3,ESPECIALIZACIÓN EN GERENCIA DE NEGOCIOS INTERNACIONALES,,,,,,,,,,,,,,,,
1718,1716,32,UNIVERSIDAD DE SAN BUENAVENTURA,Activa,Universidad,Privado,32.4,ESPECIALIZACIÓN EN GESTIÓN DE PROYECTOS MULTIMEDIALES PARA LA EDUCACIÓN,,,,,,,,,,,,,,,,
1718,1717,32,UNIVERSIDAD DE SAN BUENAVENTURA,Activa,Universidad,Privado,32.5,ESPECIALIZACIÓN EN GERENCIA EDUCATIVA,,,,,,,,,,,,,,,,
1718,1717,32,UNIVERSIDAD DE SAN BUENAVENTURA,Activa,Universidad,Privado,32.6,ESPECIALIZACIÓN EN PSICOLOGíA DE LAS ORGANIZACIONES Y DEL TRABAJO,,,,,,,,,,,,,,,,
1718,1718,32,UNIVERSIDAD DE SAN BUENAVENTURA,Activa,Universidad,Privado,32.7,ESPECIALIZACIÓN EN DOCENCIA MEDIADA POR LAS TIC,,,,,,,,,,,,,,,,
1718,1718,32,UNIVERSIDAD DE SAN BUENAVENTURA,Activa,Universidad,Privado,32.8,MAESTRÍA EN DOCENCIA MEDIADA CON LAS TIC,,,,,,,,,,,,,,,,
1718,1724,32,UNIVERSIDAD DE SAN BUENAVENTURA,Activa,Universidad,Privado,32.9,MAESTRIA EN CIENCIAS DE LA EDUCACIÓN,,,,,,,,,,,,,,,,
1719,1719,33,UNIVERSIDAD CATOLICA DE COLOMBIA,Activa,Universidad,Privado,33.1,ESPECIALIZACIÓN EN SISTEMA PENAL ACUSATORIO,,,,,,,,,,,,,,,,
1720,1720,34,UNIVERSIDAD MARIANA,Activa,Universidad,Privado,34.1,ESPECIALIZACIÓN EN FAMILIA,,,,,,,,,,,,,,,,
1722,1722,35,UNIVERSIDAD DE MANIZALES,Activa,Universidad,Privado,35.1,ESPECIALIZACION EN GERENCIA DE MERCADEO Y VENTAS,,,,,,,,,,,,,,,,
1722,1722,35,UNIVERSIDAD DE MANIZALES,Activa,Universidad,Privado,35.2,ESPECIALIZACIÓN EN SISTEMAS INTEGRADOS GESTIÓN,,,,,,,,,,,,,,,,
1722,1722,35,UNIVERSIDAD DE MANIZALES,Activa,Universidad,Privado,35.3,MAESTRIA  EN DESARROLLO SOSTENIBLE Y MEDIO AMBIENTE,,,,,,,,,,,,,,,,
1722,1722,35,UNIVERSIDAD DE MANIZALES,Activa,Universidad,Privado,35.4,MAESTRÍA EN EDUCACIÓN,,,,,,,,,,,,,,,,
1722,1722,35,UNIVERSIDAD DE MANIZALES,Activa,Universidad,Privado,35.5,MAESTRÍA EN EDUCACIÓN DESDE LA DIVERSIDAD,,,,,,,,,,,,,,,,
1722,1722,35,UNIVERSIDAD DE MANIZALES,Activa,Universidad,Privado,35.6,MAESTRÍA EN FINANZAS,,,,,,,,,,,,,,,,
1722,1722,35,UNIVERSIDAD DE MANIZALES,Activa,Universidad,Privado,35.7,MAESTRIA EN MERCADEO,,,,,,,,,,,,,,,,
1726,1726,36,UNIVERSIDAD CATOLICA DE ORIENTE -UCO,Activa,Universidad,Privado,36.1,MAESTRIA EN EDUCACION,,,,,,,,,,,,,,,,
1728,1728,37,UNIVERSIDAD SERGIO ARBOLEDA,Activa,Universidad,Privado,37.1,MAESTRIA EN DIDACTICA DIGITAL,,,,,,,,,,,,,,,,
1728,1728,37,UNIVERSIDAD SERGIO ARBOLEDA,Activa,Universidad,Privado,37.2,MAESTRÍA EN GERENCIA EDUCATIVA E INNOVACIÓN TECNOLÓGICA,,,,,,,,,,,,,,,,
1728,1728,37,UNIVERSIDAD SERGIO ARBOLEDA,Activa,Universidad,Privado,37.3,MAESTRÍA EN INNOVACIÓN EN DERECHO DIGITAL Y LEGAL-TECH,,,,,,,,,,,,,,,,
1729,1729,38,UNIVERSIDAD EL BOSQUE,Activa,Universidad,Privado,38.1,ESPECIALIZACIÓN EN BIOÉTICA,,,,,,,,,,,,,,,,
1729,1729,38,UNIVERSIDAD EL BOSQUE,Activa,Universidad,Privado,38.2,ESPECIALIZACIÓN EN SEGURIDAD DEL PACIENTE,,,,,,,,,,,,,,,,
1729,1729,38,UNIVERSIDAD EL BOSQUE,Activa,Universidad,Privado,38.3,MAESTRÍA EN EDUCACIÓN INCLUSIVA E INTERCULTURAL,,,,,,,,,,,,,,,,
1729,1729,38,UNIVERSIDAD EL BOSQUE,Activa,Universidad,Privado,38.4,MAESTRÍA EN GERENCIA ORGANIZACIONAL DE PROYECTOS,,,,,,,,,,,,,,,,
1729,1729,38,UNIVERSIDAD EL BOSQUE,Activa,Universidad,Privado,38.5,MAESTRÍA EN GOBERNANZA EN ÁREAS PROTEGIDAS Y GESTIÓN DEL RECURSO BIOLÓGICO,,,,,,,,,,,,,,,,
1729,1729,38,UNIVERSIDAD EL BOSQUE,Activa,Universidad,Privado,38.5,MAESTRÍA EN INNOVACIÓN Y TECNOLOGÍAS PARA LA EDUCACIÓN,,,,,,,,,,,,,,,,
1734,1734,39,UNIVERSIDAD DE BOYACA UNIBOYACA,Activa,Universidad,Privado,39.1,ESPECIALIZACIÓN EN GERENCIA TURÍSTICA,,,,,,,,,,,,,,,,
1734,1734,39,UNIVERSIDAD DE BOYACA UNIBOYACA,Activa,Universidad,Privado,39.2,ESPECIALIZACIÓN EN GESTIÓN DEL PATRIMONIO CULTURAL,,,,,,,,,,,,,,,,
1734,1734,39,UNIVERSIDAD DE BOYACA UNIBOYACA,Activa,Universidad,Privado,39.3,ESPECIALIZACIÓN EN SEGURIDAD Y SALUD EN EL TRABAJO,,,,,,,,,,,,,,,,
1735,1735,40,UNIVERSIDAD MANUELA BELTRAN-UMB-,Activa,Universidad,Privado,40.1,ESPECIALIZACIÓN EN EVALUACIÓN AMBIENTAL DE PROYECTOS,,,,,,,,,,,,,,,,
1735,1735,40,UNIVERSIDAD MANUELA BELTRAN-UMB-,Activa,Universidad,Privado,40.2,ESPECIALIZACION EN GERENCIA DEL TALENTO HUMANO,,,,,,,,,,,,,,,,
1735,1735,40,UNIVERSIDAD MANUELA BELTRAN-UMB-,Activa,Universidad,Privado,40.3,ESPECIALIZACION EN GESTIÓN DE LA INVESTIGACIÓN,,,,,,,,,,,,,,,,
1735,1735,40,UNIVERSIDAD MANUELA BELTRAN-UMB-,Activa,Universidad,Privado,40.4,ESPECIALIZACIÓN EN GESTIÓN DE TIC,,,,,,,,,,,,,,,,
1735,1735,40,UNIVERSIDAD MANUELA BELTRAN-UMB-,Activa,Universidad,Privado,40.5,ESPECIALIZACIÓN EN MARKETING DIGITAL,,,,,,,,,,,,,,,,
1735,1735,40,UNIVERSIDAD MANUELA BELTRAN-UMB-,Activa,Universidad,Privado,40.6,ESPECIALIZACIÓN EN NUEVAS TECNOLOGÍA EN EDUCACIÓN,,,,,,,,,,,,,,,,
1735,1735,40,UNIVERSIDAD MANUELA BELTRAN-UMB-,Activa,Universidad,Privado,40.7,ESPECIALIZACIÓN EN SEGURIDAD Y SALUD EN EL TRABAJO,,,,,,,,,,,,,,,,
1735,1735,40,UNIVERSIDAD MANUELA BELTRAN-UMB-,Activa,Universidad,Privado,40.8,ESPECIALIZACIÓN EN SISTEMAS INTERACTIVOS DIGITALES,,,,,,,,,,,,,,,,
1735,1735,40,UNIVERSIDAD MANUELA BELTRAN-UMB-,Activa,Universidad,Privado,40.9,ESPECIALIZACIÓN EN TELEMÁTICA,,,,,,,,,,,,,,,,
1735,1735,40,UNIVERSIDAD MANUELA BELTRAN-UMB-,Activa,Universidad,Privado,40.10,ESPECIALIZACIÓN TÉCNICA PROFESIONAL EN MECÁNICA DE VEHÍCULOS DE TRANSPORTE DE CARGA PESADA,,,,,,,,,,,,,,,,
1735,1735,40,UNIVERSIDAD MANUELA BELTRAN-UMB-,Activa,Universidad,Privado,40.11,ESPECIALIZACIÓN TECNOLÓGICA EN AUTOMATIZACIÓN INDUSTRIAL,,,,,,,,,,,,,,,,
1735,1735,40,UNIVERSIDAD MANUELA BELTRAN-UMB-,Activa,Universidad,Privado,40.12,MAESTRÍA EN  GERENCIA  ESTRATÉGICA DEL TALENTO HUMANO,,,,,,,,,,,,,,,,
1735,1735,40,UNIVERSIDAD MANUELA BELTRAN-UMB-,Activa,Universidad,Privado,40.13,MAESTRÍA EN ADMINISTRACIÓN EDUCATIVA,,,,,,,,,,,,,,,,
1735,1735,40,UNIVERSIDAD MANUELA BELTRAN-UMB-,Activa,Universidad,Privado,40.14,MAESTRÍA EN ENSEÑANZA DE LAS CIENCIAS BÁSICAS MEDIADA POR LAS TIC,,,,,,,,,,,,,,,,
1735,1735,40,UNIVERSIDAD MANUELA BELTRAN-UMB-,Activa,Universidad,Privado,40.15,MAESTRÍA EN INTEGRACIÓN DE TIC EN LAS ORGANIZACIONES,,,,,,,,,,,,,,,,
1735,1735,40,UNIVERSIDAD MANUELA BELTRAN-UMB-,Activa,Universidad,Privado,40.16,MAESTRIA EN TECNOLOGIAS DIGITALES APLICADAS A LA EDUCACION,,,,,,,,,,,,,,,,
1735,1735,40,UNIVERSIDAD MANUELA BELTRAN-UMB-,Activa,Universidad,Privado,40.17,MAESTRÍA EN TRANSMEDIA,,,,,,,,,,,,,,,,
1801,1801,41,UNIVERSIDAD LA GRAN COLOMBIA,Activa,Universidad,Privado,41.1,ESPECIALIZACIÓN EN CONTRATACIÓN ESTATAL,,,,,,,,,,,,,,,,
1803,1803,42,UNIVERSIDAD DE LA SALLE,Activa,Universidad,Privado,42.1,DOCTORADO EN ADMINISTRACIÓN DE EMPRESAS - DBA,,,,,,,,,,,,,,,,
1803,1803,42,UNIVERSIDAD DE LA SALLE,Activa,Universidad,Privado,42.2,ESPECIALIZACIÓN EN NUTRICIÓN DE ANIMALES DE COMPAÑÍA,,,,,,,,,,,,,,,,
1803,1803,42,UNIVERSIDAD DE LA SALLE,Activa,Universidad,Privado,42.3,ESPECIALIZACIÓN EN SISTEMAS DE CALIDAD E INOCUIDAD EN ALIMENTOS,,,,,,,,,,,,,,,,
1803,1803,42,UNIVERSIDAD DE LA SALLE,Activa,Universidad,Privado,42.4,MAESTRÍA EN CIENCIAS - BIOLOGÍA,,,,,,,,,,,,,,,,
1803,1803,42,UNIVERSIDAD DE LA SALLE,Activa,Universidad,Privado,42.5,MAESTRÍA EN DIDÁCTICA DE LAS LENGUAS,,,,,,,,,,,,,,,,
1803,1803,42,UNIVERSIDAD DE LA SALLE,Activa,Universidad,Privado,42.6,MAESTRÍA EN DISEÑO Y GESTIÓN DE ESCENARIOS VIRTUALES DE APRENDIZAJE,,,,,,,,,,,,,,,,
1803,1803,42,UNIVERSIDAD DE LA SALLE,Activa,Universidad,Privado,42.7,MAESTRÍA EN FINANZAS,,,,,,,,,,,,,,,,
1803,1803,42,UNIVERSIDAD DE LA SALLE,Activa,Universidad,Privado,42.8,MAESTRÍA EN GESTION DE LA INFORMACIÓN DOCUMENTAL,,,,,,,,,,,,,,,,
1803,1803,42,UNIVERSIDAD DE LA SALLE,Activa,Universidad,Privado,42.9,MAESTRÍA EN PLANIFICACIÓN Y GESTIÓN DEL TERRITORIO,,,,,,,,,,,,,,,,
1804,1804,43,UNIVERSIDAD AUTONOMA DEL CARIBE- UNIAUTONOMA,Activa,Universidad,Privado,43.1,ESPECIALIZACIÓN EN MERCADEO,,,,,,,,,,,,,,,,
1804,1804,43,UNIVERSIDAD AUTONOMA DEL CARIBE- UNIAUTONOMA,Activa,Universidad,Privado,43.1,ESPECIALIZACION EN SEGURIDAD Y SALUD EN EL TRABAJO,,,,,,,,,,,,,,,,
1804,1804,43,UNIVERSIDAD AUTONOMA DEL CARIBE- UNIAUTONOMA,Activa,Universidad,Privado,43.2,MAESTRÍA EN EDUCACIÓN,,,,,,,,,,,,,,,,
1804,1804,43,UNIVERSIDAD AUTONOMA DEL CARIBE- UNIAUTONOMA,Activa,Universidad,Privado,43.3,MAESTRÍA EN FINANZAS,,,,,,,,,,,,,,,,
1804,1804,43,UNIVERSIDAD AUTONOMA DEL CARIBE- UNIAUTONOMA,Activa,Universidad,Privado,43.4,MAESTRÍA EN GESTIÓN DE LA CALIDAD EN SERVICIOS DE SALUD,,,,,,,,,,,,,,,,
1805,1805,44,UNIVERSIDAD SANTIAGO DE CALI,Activa,Universidad,Privado,44.2,ESPECIALIZACIÓN EN DERECHO ADMINISTRATIVO,,,,,,,,,,,,,,,,
1805,1805,44,UNIVERSIDAD SANTIAGO DE CALI,Activa,Universidad,Privado,44.3,ESPECIALIZACIÓN EN DERECHO DE FAMILIA,,,,,,,,,,,,,,,,
1805,1805,44,UNIVERSIDAD SANTIAGO DE CALI,Activa,Universidad,Privado,44.4,ESPECIALIZACION EN GERENCIA AMBIENTAL Y DESARROLLO SOSTENIBLE EMPRESARIAL,,,,,,,,,,,,,,,,
1805,1805,44,UNIVERSIDAD SANTIAGO DE CALI,Activa,Universidad,Privado,44.5,ESPECIALIZACIÓN EN GERENCIA LOGÍSTICA INTEGRAL,,,,,,,,,,,,,,,,
1805,1805,44,UNIVERSIDAD SANTIAGO DE CALI,Activa,Universidad,Privado,44.6,ESPECIALIZACIÓN EN MARKETING DIGITAL,,,,,,,,,,,,,,,,
1805,1805,44,UNIVERSIDAD SANTIAGO DE CALI,Activa,Universidad,Privado,44.7,MAESTRÍA EN EDUCACIÓN,,,,,,,,,,,,,,,,
1806,1809,45,UNIVERSIDAD LIBRE,Activa,Universidad,Privado,45.1,ESPECIALIZACION EN ALTA GERENCIA EN TURISMO DE SALUD,,,,,,,,,,,,,,,,
1812,1812,46,UNIVERSIDAD DE MEDELLIN,Activa,Universidad,Privado,46.1,ESPECIALIZACIÓN EN COMUNICACIÓN ESTRATÉGICA PARA LA WEB,,,,,,,,,,,,,,,,
1812,1812,46,UNIVERSIDAD DE MEDELLIN,Activa,Universidad,Privado,46.2,ESPECIALIZACIÓN EN CONTRATACIÓN ESTATAL,,,,,,,,,,,,,,,,
1812,1812,46,UNIVERSIDAD DE MEDELLIN,Activa,Universidad,Privado,46.4,ESPECIALIZACIÓN EN GESTIÓN AMBIENTAL Y PRODUCCIÓN MÁS LIMPIA,,,,,,,,,,,,,,,,
1812,1812,46,UNIVERSIDAD DE MEDELLIN,Activa,Universidad,Privado,46.5,ESPECIALIZACIÓN EN MERCADEO GERENCIAL,,,,,,,,,,,,,,,,
1812,1812,46,UNIVERSIDAD DE MEDELLIN,Activa,Universidad,Privado,46.6,ESPECIALIZACIÓN EN RESPONSABILIDAD SOCIAL Y SOSTENIBILIDAD,,,,,,,,,,,,,,,,
1812,1812,46,UNIVERSIDAD DE MEDELLIN,Activa,Universidad,Privado,46.7,ESPECILIZACION EN DERECHO PROBATORIO PENAL,,,,,,,,,,,,,,,,
1812,1812,46,UNIVERSIDAD DE MEDELLIN,Activa,Universidad,Privado,46.8,MAESTRÍA EN COMUNICACIÓN DE MARCA,,,,,,,,,,,,,,,,
1812,1812,46,UNIVERSIDAD DE MEDELLIN,Activa,Universidad,Privado,46.9,MAESTRÍA EN CONTRATACIÓN ESTATAL,,,,,,,,,,,,,,,,
1812,1812,46,UNIVERSIDAD DE MEDELLIN,Activa,Universidad,Privado,46.10,MAESTRÍA EN EDUCACIÓN,,,,,,,,,,,,,,,,
1813,1813,47,UNIVERSIDAD DE LOS ANDES,Activa,Universidad,Privado,47.1,ESPECIALIZACION EN EDUCACION MATEMATICA PARA PROFESORES DE PRIMARIA,,,,,,,,,,,,,,,,
1813,1813,47,UNIVERSIDAD DE LOS ANDES,Activa,Universidad,Privado,47.2,ESPECIALIZACION EN EDUCACION MATEMATICA PARA PROFESORES DE SECUNDARIA Y MEDIA,,,,,,,,,,,,,,,,
1813,1813,47,UNIVERSIDAD DE LOS ANDES,Activa,Universidad,Privado,47.3,MAESTRÍA EN ADMINISTRACIÓN (MBA),,,,,,,,,,,,,,,,
1813,1813,47,UNIVERSIDAD DE LOS ANDES,Activa,Universidad,Privado,47.4,MAESTRÍA EN EDUCACIÓN MATEMÁTICA,,,,,,,,,,,,,,,,
1813,1813,47,UNIVERSIDAD DE LOS ANDES,Activa,Universidad,Privado,47.5,MAESTRÍA EN INGENIERÍA DE SOFTWARE,,,,,,,,,,,,,,,,
1813,1813,47,UNIVERSIDAD DE LOS ANDES,Activa,Universidad,Privado,47.6,MAESTRIA EN INTELIGENCIA ANALITICA DE DATOS,,,,,,,,,,,,,,,,
1813,1813,47,UNIVERSIDAD DE LOS ANDES,Activa,Universidad,Privado,47.7,MAESTRÍA EN REGENERACIÓN Y DESARROLLO SOSTENIBLE,,,,,,,,,,,,,,,,
1813,1813,47,UNIVERSIDAD DE LOS ANDES,Activa,Universidad,Privado,47.8,MAESTRÍA EN TRIBUTACIÓN,,,,,,,,,,,,,,,,
1815,1815,49,CORPORACION UNIVERSIDAD PILOTO DE COLOMBIA,Activa,Universidad,Privado,49.1,ESPECIALIZACIÓN EN DOCENCIA UNIVERSITARIA,,,,,,,,,,,,,,,,
1815,1815,49,CORPORACION UNIVERSIDAD PILOTO DE COLOMBIA,Activa,Universidad,Privado,49.2,ESPECIALIZACION EN GERENCIA DE PROYECTOS,,,,,,,,,,,,,,,,
1818,1817,50,UNIVERSIDAD COOPERATIVA DE COLOMBIA,Activa,Universidad,Privado,50.1,MAESTRÍA  EN GESTIÓN DE TECNOLOGÍAS DE LA INFORMACIÓN,,,,,,,,,,,,,,,,
1818,1818,50,UNIVERSIDAD COOPERATIVA DE COLOMBIA,Activa,Universidad,Privado,50.3,ESPECIALIZACION EN GERENCIA DE IMPUESTOS,,,,,,,,,,,,,,,,
1818,1818,50,UNIVERSIDAD COOPERATIVA DE COLOMBIA,Activa,Universidad,Privado,50.4,MAESTRIA EN EDUCACION,,,,,,,,,,,,,,,,
1818,1820,50,UNIVERSIDAD COOPERATIVA DE COLOMBIA,Activa,Universidad,Privado,50.5,MAESTRÍA EN PROYECTOS PARA EL  DESARROLLO INTEGRAL DE  NIÑOS Y ADOLESCENTES,,,,,,,,,,,,,,,,
1823,1823,51,UNIVERSIDAD AUTONOMA DE BUCARAMANGA-UNAB-,Activa,Universidad,Privado,51.1,ESPECIALIZACION EN ASEGURAMIENTO DE LA CALIDAD EN INSTITUCIONES EDUCATIVAS,,,,,,,,,,,,,,,,
1823,1823,51,UNIVERSIDAD AUTONOMA DE BUCARAMANGA-UNAB-,Activa,Universidad,Privado,51.2,ESPECIALIZACIÓN EN COMUNICACIÓN DIGITAL Y MEDIOS INTERACTIVOS,,,,,,,,,,,,,,,,
1823,1823,51,UNIVERSIDAD AUTONOMA DE BUCARAMANGA-UNAB-,Activa,Universidad,Privado,51.3,ESPECIALIZACIÓN EN EPIDEMIOLOGÍA,,,,,,,,,,,,,,,,
1823,1823,51,UNIVERSIDAD AUTONOMA DE BUCARAMANGA-UNAB-,Activa,Universidad,Privado,51.4,ESPECIALIZACION EN GESTION ESTRATEGICA DE MERCADEO,,,,,,,,,,,,,,,,
1823,1823,51,UNIVERSIDAD AUTONOMA DE BUCARAMANGA-UNAB-,Activa,Universidad,Privado,51.5,ESPECIALIZACION EN GESTION HUMANA,,,,,,,,,,,,,,,,
1823,1823,51,UNIVERSIDAD AUTONOMA DE BUCARAMANGA-UNAB-,Activa,Universidad,Privado,51.6,ESPECIALIZACIÓN EN PRODUCCIÓN Y GESTIÓN DE PROYECTOS AUDIOVISUALES,,,,,,,,,,,,,,,,
1823,1823,51,UNIVERSIDAD AUTONOMA DE BUCARAMANGA-UNAB-,Activa,Universidad,Privado,51.7,ESPECIALIZACION EN SEGURIDAD Y SALUD EN EL TRABAJO,,,,,,,,,,,,,,,,
1823,1823,51,UNIVERSIDAD AUTONOMA DE BUCARAMANGA-UNAB-,Activa,Universidad,Privado,51.8,ESPECIALIZACIÓN TECNOLÓGICA EN FARMACOVIGILANCIA Y TECNOVIGILANCIA,,,,,,,,,,,,,,,,
1823,1823,51,UNIVERSIDAD AUTONOMA DE BUCARAMANGA-UNAB-,Activa,Universidad,Privado,51.10,MAESTRIA EN E-LEARNING,,,,,,,,,,,,,,,,
1823,1823,51,UNIVERSIDAD AUTONOMA DE BUCARAMANGA-UNAB-,Activa,Universidad,Privado,51.11,MAESTRIA EN GERENCIA EDUCATIVA,,,,,,,,,,,,,,,,
1823,1823,51,UNIVERSIDAD AUTONOMA DE BUCARAMANGA-UNAB-,Activa,Universidad,Privado,51.12,MAESTRIA EN SOFTWARE LIBRE,,,,,,,,,,,,,,,,
1825,1825,52,UNIVERSIDAD AUTONOMA DE MANIZALES,Activa,Universidad,Privado,52.1,ESPECIALIZACIÓN EN AUDITORIA EN SALUD,,,,,,,,,,,,,,,,
1825,1825,52,UNIVERSIDAD AUTONOMA DE MANIZALES,Activa,Universidad,Privado,52.2,ESPECIALIZACIÓN EN SALUD PÚBLICA,,,,,,,,,,,,,,,,
1825,1825,52,UNIVERSIDAD AUTONOMA DE MANIZALES,Activa,Universidad,Privado,52.3,MAESTRIA EN DISCAPACIDAD,,,,,,,,,,,,,,,,
1825,1825,52,UNIVERSIDAD AUTONOMA DE MANIZALES,Activa,Universidad,Privado,52.4,MAESTRÍA EN DISEÑO DE AMBIENTES DE APRENDIZAJE INNOVADORES,,,,,,,,,,,,,,,,
1825,1825,52,UNIVERSIDAD AUTONOMA DE MANIZALES,Activa,Universidad,Privado,52.5,MAESTRÍA EN ENSEÑANZA DE LAS CIENCIAS,,,,,,,,,,,,,,,,
1826,1826,53,UNIVERSIDAD ANTONIO NARIÑO,Activa,Universidad,Privado,53.1,ESPECIALIZACION EN ADMINISTRACION PUBLICA,,,,,,,,,,,,,,,,
1826,1826,53,UNIVERSIDAD ANTONIO NARIÑO,Activa,Universidad,Privado,53.2,ESPECIALIZACION EN AUDITORIA DE SISTEMAS,,,,,,,,,,,,,,,,
1826,1826,53,UNIVERSIDAD ANTONIO NARIÑO,Activa,Universidad,Privado,53.4,ESPECIALIZACION EN DESARROLLO DEL POTENCIAL HUMANO EN LA ORGANIZACIÓN,,,,,,,,,,,,,,,,
1826,1826,53,UNIVERSIDAD ANTONIO NARIÑO,Activa,Universidad,Privado,53.5,ESPECIALIZACION EN GESTIÓN FINANCIERA,,,,,,,,,,,,,,,,
1826,1826,53,UNIVERSIDAD ANTONIO NARIÑO,Activa,Universidad,Privado,53.6,MAESTRIA EN ECONOMIA DE LA SALUD,,,,,,,,,,,,,,,,
1826,1826,53,UNIVERSIDAD ANTONIO NARIÑO,Activa,Universidad,Privado,53.7,MAESTRIA EN ECONOMIA INTERNACIONAL,,,,,,,,,,,,,,,,
1826,1826,53,UNIVERSIDAD ANTONIO NARIÑO,Activa,Universidad,Privado,53.8,MAESTRIA EN GERENCIA FINANCIERA Y TRIBUTARIA,,,,,,,,,,,,,,,,
1826,1826,53,UNIVERSIDAD ANTONIO NARIÑO,Activa,Universidad,Privado,53.9,MAESTRIA EN MEDIACION FAMILIAR,,,,,,,,,,,,,,,,
1827,1827,54,UNIVERSIDAD CATOLICA DE MANIZALES,Activa,Universidad,Privado,54.1,ESPECIALIZACION EN ADMINISTRACION DE LA SALUD,,,,,,,,,,,,,,,,
1827,1827,54,UNIVERSIDAD CATOLICA DE MANIZALES,Activa,Universidad,Privado,54.2,ESPECIALIZACIÓN EN ESTADÍSTICA APLICADA,,,,,,,,,,,,,,,,
1827,1827,54,UNIVERSIDAD CATOLICA DE MANIZALES,Activa,Universidad,Privado,54.3,ESPECIALIZACION EN EVALUACION PEDAGOGICA,,,,,,,,,,,,,,,,
1827,1827,54,UNIVERSIDAD CATOLICA DE MANIZALES,Activa,Universidad,Privado,54.4,ESPECIALIZACIÓN EN GERENCIA DE LA CALIDAD,,,,,,,,,,,,,,,,
1827,1827,54,UNIVERSIDAD CATOLICA DE MANIZALES,Activa,Universidad,Privado,54.5,ESPECIALIZACION EN GERENCIA EDUCATIVA,,,,,,,,,,,,,,,,
1827,1827,54,UNIVERSIDAD CATOLICA DE MANIZALES,Activa,Universidad,Privado,54.6,ESPECIALIZACIÓN EN SEGURIDAD Y SALUD EN EL TRABAJO,,,,,,,,,,,,,,,,
1827,1827,54,UNIVERSIDAD CATOLICA DE MANIZALES,Activa,Universidad,Privado,54.7,MAESTRIA EN PEDAGOGIA,,,,,,,,,,,,,,,,
1827,1827,54,UNIVERSIDAD CATOLICA DE MANIZALES,Activa,Universidad,Privado,54.8,MAESTRÍA EN SISTEMAS INTEGRADOS DE GESTIÓN,,,,,,,,,,,,,,,,
1828,1828,55,UNIVERSIDAD ICESI,Activa,Universidad,Privado,55.1,ESPECIALIZACIÓN EN DESARROLLO INFANTIL Y EDUACIÓN INICIAL,,,,,,,,,,,,,,,,
1828,1828,55,UNIVERSIDAD ICESI,Activa,Universidad,Privado,55.2,ESPECIALIZACIÓN EN DOCENCIA UNIVERSITARIA,,,,,,,,,,,,,,,,
1828,1828,55,UNIVERSIDAD ICESI,Activa,Universidad,Privado,55.3,MAESTRÍA EN ADMINISTRACIÓN,,,,,,,,,,,,,,,,
1828,1828,55,UNIVERSIDAD ICESI,Activa,Universidad,Privado,55.4,MAESTRÍA EN ATENCIÓN INTEGRAL A LA PRIMERA INFANCIA,,,,,,,,,,,,,,,,
1828,1828,55,UNIVERSIDAD ICESI,Activa,Universidad,Privado,55.5,MAESTRÍA EN CREACIÓN DE EMPRESAS,,,,,,,,,,,,,,,,
1828,1828,55,UNIVERSIDAD ICESI,Activa,Universidad,Privado,55.7,MAESTRÍA EN EDUCACIÓN,,,,,,,,,,,,,,,,
1828,1828,55,UNIVERSIDAD ICESI,Activa,Universidad,Privado,55.8,MAESTRÍA EN EDUCACIÓN MEDIADA POR LAS TIC,,,,,,,,,,,,,,,,
1828,1828,55,UNIVERSIDAD ICESI,Activa,Universidad,Privado,55.9,MAESTRÍA EN ENSEÑANZA DE INGLÉS COMO LENGUA EXTRANJERA,,,,,,,,,,,,,,,,
1828,1828,55,UNIVERSIDAD ICESI,Activa,Universidad,Privado,55.10,MAESTRÍA EN ESTRATEGIA DIGITAL DE NEGOCIOS,,,,,,,,,,,,,,,,
1828,1828,55,UNIVERSIDAD ICESI,Activa,Universidad,Privado,55.11,MAESTRÍA EN GESTIÓN DEL TALENTO HUMANO,,,,,,,,,,,,,,,,
1828,1828,55,UNIVERSIDAD ICESI,Activa,Universidad,Privado,55.12,MAESTRIA EN INNOVACION EDUCATIVA,,,,,,,,,,,,,,,,
1830,1830,56,UNIVERSIDAD AUTONOMA DE OCCIDENTE,Activa,Universidad,Privado,56.2,ESPECIALIZACIÓN EN CIBERSEGURIDAD,,,,,,,,,,,,,,,,
1830,1830,56,UNIVERSIDAD AUTONOMA DE OCCIDENTE,Activa,Universidad,Privado,56.3,ESPECIALIZACIÓN EN COMUNICACIÓN ESTRATÉGICA,,,,,,,,,,,,,,,,
1830,1830,56,UNIVERSIDAD AUTONOMA DE OCCIDENTE,Activa,Universidad,Privado,56.4,ESPECIALIZACIÓN EN COMUNICACIÓN ESTRATÉGICA,,,,,,,,,,,,,,,,
1830,1830,56,UNIVERSIDAD AUTONOMA DE OCCIDENTE,Activa,Universidad,Privado,56.5,ESPECIALIZACIÓN EN COMUNICACIÓN Y PERIODISMO DIGITAL,,,,,,,,,,,,,,,,
1830,1830,56,UNIVERSIDAD AUTONOMA DE OCCIDENTE,Activa,Universidad,Privado,56.6,ESPECIALIZACIÓN EN DERECHOS HUMANOS Y TERRITORIOS,,,,,,,,,,,,,,,,
1830,1830,56,UNIVERSIDAD AUTONOMA DE OCCIDENTE,Activa,Universidad,Privado,56.7,ESPECIALIZACIÓN EN DISEÑO PUBLICITARIO EN CONTENIDOS DIGITALES,,,,,,,,,,,,,,,,
1830,1830,56,UNIVERSIDAD AUTONOMA DE OCCIDENTE,Activa,Universidad,Privado,56.8,ESPECIALIZACION EN EFICIENCIA ENERGETICA,,,,,,,,,,,,,,,,
1830,1830,56,UNIVERSIDAD AUTONOMA DE OCCIDENTE,Activa,Universidad,Privado,56.10,ESPECIALIZACIÓN EN ESCRITURA CREATIVA EN NUEVOS MEDIOS,,,,,,,,,,,,,,,,
1830,1830,56,UNIVERSIDAD AUTONOMA DE OCCIDENTE,Activa,Universidad,Privado,56.11,ESPECIALIZACIÓN EN ESTRATEGIAS DE COMUNICACIÓN TRANSMEDIA,,,,,,,,,,,,,,,,
1830,1830,56,UNIVERSIDAD AUTONOMA DE OCCIDENTE,Activa,Universidad,Privado,56.13,ESPECIALIZACION EN FINANZAS,,,,,,,,,,,,,,,,
1830,1830,56,UNIVERSIDAD AUTONOMA DE OCCIDENTE,Activa,Universidad,Privado,56.14,ESPECIALIZACIÓN EN GERENCIA DE NEGOCIOS DIGITALES,,,,,,,,,,,,,,,,
1830,1830,56,UNIVERSIDAD AUTONOMA DE OCCIDENTE,Activa,Universidad,Privado,56.15,ESPECIALIZACIÓN EN GERENCIA DE PRODUCTIVIDAD E INNOVACIÓN,,,,,,,,,,,,,,,,
1830,1830,56,UNIVERSIDAD AUTONOMA DE OCCIDENTE,Activa,Universidad,Privado,56.16,ESPECIALIZACION EN GESTION AMBIENTAL,,,,,,,,,,,,,,,,
1830,1830,56,UNIVERSIDAD AUTONOMA DE OCCIDENTE,Activa,Universidad,Privado,56.16,ESPECIALIZACIÓN EN GESTIÓN AMBIENTAL DE ZONAS COSTERAS,,,,,,,,,,,,,,,,
1830,1830,56,UNIVERSIDAD AUTONOMA DE OCCIDENTE,Activa,Universidad,Privado,56.17,ESPECIALIZACIÓN EN INNOVACIÓN EDUCATIVA Y TECNOLOGÍAS,,,,,,,,,,,,,,,,
1830,1830,56,UNIVERSIDAD AUTONOMA DE OCCIDENTE,Activa,Universidad,Privado,56.19,ESPECIALIZACIÓN EN INTELIGENCIA DE NEGOCIOS CON ÉNFASIS EN BIG DATA,,,,,,,,,,,,,,,,
1830,1830,56,UNIVERSIDAD AUTONOMA DE OCCIDENTE,Activa,Universidad,Privado,56.20,ESPECIALIZACIÓN EN INTERCULTURALIDAD Y ESTUDIOS DE GÉNERO,,,,,,,,,,,,,,,,
1830,1830,56,UNIVERSIDAD AUTONOMA DE OCCIDENTE,Activa,Universidad,Privado,56.21,ESPECIALIZACIÓN EN LOGÍSTICA,,,,,,,,,,,,,,,,
1830,1830,56,UNIVERSIDAD AUTONOMA DE OCCIDENTE,Activa,Universidad,Privado,56.22,ESPECIALIZACION EN MERCADEO,,,,,,,,,,,,,,,,
1830,1830,56,UNIVERSIDAD AUTONOMA DE OCCIDENTE,Activa,Universidad,Privado,56.23,ESPECIALIZACIÓN EN PERIODISMO DEPORTIVO,,,,,,,,,,,,,,,,
1830,1830,56,UNIVERSIDAD AUTONOMA DE OCCIDENTE,Activa,Universidad,Privado,56.24,ESPECIALIZACIÓN EN SEGURIDAD Y SALUD EN EL TRABAJO,,,,,,,,,,,,,,,,
1830,1830,56,UNIVERSIDAD AUTONOMA DE OCCIDENTE,Activa,Universidad,Privado,56.25,MAESTRÍA EN ESTUDIOS CULTURALES,,,,,,,,,,,,,,,,
1830,1830,56,UNIVERSIDAD AUTONOMA DE OCCIDENTE,Activa,Universidad,Privado,56.26,MAESTRÍA EN GESTIÓN AMBIENTAL Y DESARROLLO SOSTENIBLE,,,,,,,,,,,,,,,,
1835,1835,57,UNIVERSIDAD DE CIENCIAS APLICADAS Y AMBIENTALES - UDCA,Activa,Universidad,Privado,57.1,ESPECIALIZACION  EN SANIDAD ANIMAL,,,,,,,,,,,,,,,,
1835,1835,57,UNIVERSIDAD DE CIENCIAS APLICADAS Y AMBIENTALES - UDCA,Activa,Universidad,Privado,57.2,ESPECIALIZACION EN LABORATORIO CLINICO VETERINARIO,,,,,,,,,,,,,,,,
1835,1835,57,UNIVERSIDAD DE CIENCIAS APLICADAS Y AMBIENTALES - UDCA,Activa,Universidad,Privado,57.3,ESPECIALIZACION EN NUTRICION ANIMAL APLICADA,,,,,,,,,,,,,,,,
1835,1835,57,UNIVERSIDAD DE CIENCIAS APLICADAS Y AMBIENTALES - UDCA,Activa,Universidad,Privado,57.4,ESPECIALIZACION EN PRODUCCION ANIMAL,,,,,,,,,,,,,,,,
2102,2102,58,UNIVERSIDAD NACIONAL ABIERTA Y A DISTANCIA UNAD,Activa,Universidad,Oficial,58.1,ESPECIALIZACION EN BIOTECNOLOGIA AGRARIA,,,,,,,,,,,,,,,,
2102,2102,58,UNIVERSIDAD NACIONAL ABIERTA Y A DISTANCIA UNAD,Activa,Universidad,Oficial,58.2,ESPECIALIZACION EN BIOTECNOLOGIA AGROAMBIENTAL,,,,,,,,,,,,,,,,
2102,2102,58,UNIVERSIDAD NACIONAL ABIERTA Y A DISTANCIA UNAD,Activa,Universidad,Oficial,58.2,"ESPECIALIZACIÓN EN EDUCACIÓN, CULTURA Y POLITICA",,,,,,,,,,,,,,,,
2102,2102,58,UNIVERSIDAD NACIONAL ABIERTA Y A DISTANCIA UNAD,Activa,Universidad,Oficial,58.3,ESPECIALIZACION EN EDUCACION SUPERIOR A DISTANCIA,,,,,,,,,,,,,,,,
2102,2102,58,UNIVERSIDAD NACIONAL ABIERTA Y A DISTANCIA UNAD,Activa,Universidad,Oficial,58.4,ESPECIALIZACIÓN EN FINANZAS CORPORATIVAS,,,,,,,,,,,,,,,,
2102,2102,58,UNIVERSIDAD NACIONAL ABIERTA Y A DISTANCIA UNAD,Activa,Universidad,Oficial,58.5,ESPECIALIZACIÓN EN GERENCIA DE PROCESOS LOGÍSTICOS EN REDES DE VALOR,,,,,,,,,,,,,,,,
2102,2102,58,UNIVERSIDAD NACIONAL ABIERTA Y A DISTANCIA UNAD,Activa,Universidad,Oficial,58.6,ESPECIALIZACION EN GERENCIA ESTRATEGICA DE MERCADEO,,,,,,,,,,,,,,,,
2102,2102,58,UNIVERSIDAD NACIONAL ABIERTA Y A DISTANCIA UNAD,Activa,Universidad,Oficial,58.7,ESPECIALIZACIÓN EN GESTIÓN DE PROYECTOS,,,,,,,,,,,,,,,,
2102,2102,58,UNIVERSIDAD NACIONAL ABIERTA Y A DISTANCIA UNAD,Activa,Universidad,Oficial,58.8,ESPECIALIZACIÓN EN GESTIÓN PÚBLICA,,,,,,,,,,,,,,,,
2102,2102,58,UNIVERSIDAD NACIONAL ABIERTA Y A DISTANCIA UNAD,Activa,Universidad,Oficial,58.9,ESPECIALIZACION EN NUTRICION ANIMAL SOSTENIBLE,,,,,,,,,,,,,,,,
2102,2102,58,UNIVERSIDAD NACIONAL ABIERTA Y A DISTANCIA UNAD,Activa,Universidad,Oficial,58.10,ESPECIALIZACION EN PEDAGOGIA PARA EL DESARROLLO DEL APRENDIZAJE AUTONOMO,,,,,,,,,,,,,,,,
2102,2102,58,UNIVERSIDAD NACIONAL ABIERTA Y A DISTANCIA UNAD,Activa,Universidad,Oficial,58.11,ESPECIALIZACIÓN EN PROCESOS DE ALIMENTOS Y BIOMATERIALES,,,,,,,,,,,,,,,,
2102,2102,58,UNIVERSIDAD NACIONAL ABIERTA Y A DISTANCIA UNAD,Activa,Universidad,Oficial,58.14,ESPECIALIZACIÓN EN SEGURIDAD INFORMÁTICA,,,,,,,,,,,,,,,,
2102,2102,58,UNIVERSIDAD NACIONAL ABIERTA Y A DISTANCIA UNAD,Activa,Universidad,Oficial,58.15,MAESTRIA EN ADMINISTRACIÓN DE ORGANIZACIONES,,,,,,,,,,,,,,,,
2102,2102,58,UNIVERSIDAD NACIONAL ABIERTA Y A DISTANCIA UNAD,Activa,Universidad,Oficial,58.16,MAESTRÍA EN AGRONEGOCIOS,,,,,,,,,,,,,,,,
2102,2102,58,UNIVERSIDAD NACIONAL ABIERTA Y A DISTANCIA UNAD,Activa,Universidad,Oficial,58.17,MAESTRÍA EN BIOTECNOLOGÍA ALIMENTARIA,,,,,,,,,,,,,,,,
2102,2102,58,UNIVERSIDAD NACIONAL ABIERTA Y A DISTANCIA UNAD,Activa,Universidad,Oficial,58.18,MAESTRÍA EN COMUNICACIÓN,,,,,,,,,,,,,,,,
2102,2102,58,UNIVERSIDAD NACIONAL ABIERTA Y A DISTANCIA UNAD,Activa,Universidad,Oficial,58.19,"MAESTRÍA EN DESARROLLO ALTERNATIVO, SOSTENIBLE Y SOLIDARIO",,,,,,,,,,,,,,,,
2102,2102,58,UNIVERSIDAD NACIONAL ABIERTA Y A DISTANCIA UNAD,Activa,Universidad,Oficial,58.20,MAESTRÍA EN DESARROLLO RURAL,,,,,,,,,,,,,,,,
2102,2102,58,UNIVERSIDAD NACIONAL ABIERTA Y A DISTANCIA UNAD,Activa,Universidad,Oficial,58.21,MAESTRÍA EN DISEÑO DE EXPERIENCIA DE USUARIO,,,,,,,,,,,,,,,,
2102,2102,58,UNIVERSIDAD NACIONAL ABIERTA Y A DISTANCIA UNAD,Activa,Universidad,Oficial,58.22,MAESTRÍA EN EDUCACIÓN,,,,,,,,,,,,,,,,
2102,2102,58,UNIVERSIDAD NACIONAL ABIERTA Y A DISTANCIA UNAD,Activa,Universidad,Oficial,58.23,MAESTRÍA EN EDUCACIÓN INTERCULTURAL,,,,,,,,,,,,,,,,
2102,2102,58,UNIVERSIDAD NACIONAL ABIERTA Y A DISTANCIA UNAD,Activa,Universidad,Oficial,58.24,MAESTRÍA EN GERENCIA DE PROYECTOS,,,,,,,,,,,,,,,,
2102,2102,58,UNIVERSIDAD NACIONAL ABIERTA Y A DISTANCIA UNAD,Activa,Universidad,Oficial,58.25,MAESTRÍA EN GESTIÓN DE TECNOLOGÍA DE INFORMACIÓN,,,,,,,,,,,,,,,,
2102,2102,58,UNIVERSIDAD NACIONAL ABIERTA Y A DISTANCIA UNAD,Activa,Universidad,Oficial,58.26,MAESTRÍA EN GESTIÓN FINANCIERA,,,,,,,,,,,,,,,,
2102,2102,58,UNIVERSIDAD NACIONAL ABIERTA Y A DISTANCIA UNAD,Activa,Universidad,Oficial,58.27,"MAESTRIA EN GOBIERNO, POLITICAS PUBLICAS Y DESARROLLO TERRITORIAL",,,,,,,,,,,,,,,,
2102,2102,58,UNIVERSIDAD NACIONAL ABIERTA Y A DISTANCIA UNAD,Activa,Universidad,Oficial,58.28,MAESTRÍA EN LOGÍSTICA Y REDES DE VALOR,,,,,,,,,,,,,,,,
2102,2102,58,UNIVERSIDAD NACIONAL ABIERTA Y A DISTANCIA UNAD,Activa,Universidad,Oficial,58.29,MAESTRÍA EN MEDIACIÓN PEDAGÓGICA EN EL APRENDIZAJE DEL INGLÉS,,,,,,,,,,,,,,,,
2102,2102,58,UNIVERSIDAD NACIONAL ABIERTA Y A DISTANCIA UNAD,Activa,Universidad,Oficial,58.30,MAESTRÍA EN PSICOLOGÍA COMUNITARIA,,,,,,,,,,,,,,,,
2104,2104,59,ESCUELA SUPERIOR DE ADMINISTRACION PUBLICA-ESAP-,Activa,Institución Universitaria/Escuela Tecnológica,Oficial,59.1,ESPECIALIZACION EN  FRONTERAS Y RELACIONES INTERNACIONALES,,,,,,,,,,,,,,,,
2104,2104,59,ESCUELA SUPERIOR DE ADMINISTRACION PUBLICA-ESAP-,Activa,Institución Universitaria/Escuela Tecnológica,Oficial,59.2,ESPECIALIZACION EN ADMINISTRACION PUBLICA CONTEMPORANEA,,,,,,,,,,,,,,,,
2104,2104,59,ESCUELA SUPERIOR DE ADMINISTRACION PUBLICA-ESAP-,Activa,Institución Universitaria/Escuela Tecnológica,Oficial,59.3,ESPECIALIZACIÓN EN ADMINISTRACIÓN PÚBLICA CONTEMPORÁNEA,,,,,,,,,,,,,,,,
2104,2104,59,ESCUELA SUPERIOR DE ADMINISTRACION PUBLICA-ESAP-,Activa,Institución Universitaria/Escuela Tecnológica,Oficial,59.4,ESPECIALIZACION EN ALTA GERENCIA DEL SISTEMA  DE SEGURIDAD SOCIAL EN SALUD,,,,,,,,,,,,,,,,
2104,2104,59,ESCUELA SUPERIOR DE ADMINISTRACION PUBLICA-ESAP-,Activa,Institución Universitaria/Escuela Tecnológica,Oficial,59.7,ESPECIALIZACION EN DERECHOS HUMANOS,,,,,,,,,,,,,,,,
2104,2104,59,ESCUELA SUPERIOR DE ADMINISTRACION PUBLICA-ESAP-,Activa,Institución Universitaria/Escuela Tecnológica,Oficial,59.10,ESPECIALIZACION EN GERENCIA AMBIENTAL,,,,,,,,,,,,,,,,
2104,2104,59,ESCUELA SUPERIOR DE ADMINISTRACION PUBLICA-ESAP-,Activa,Institución Universitaria/Escuela Tecnológica,Oficial,59.11,ESPECIALIZACION EN GERENCIA HOSPITALARIA,,,,,,,,,,,,,,,,
2104,2104,59,ESCUELA SUPERIOR DE ADMINISTRACION PUBLICA-ESAP-,Activa,Institución Universitaria/Escuela Tecnológica,Oficial,59.12,ESPECIALIZACION EN GERENCIA SOCIAL,,,,,,,,,,,,,,,,
2104,2104,59,ESCUELA SUPERIOR DE ADMINISTRACION PUBLICA-ESAP-,Activa,Institución Universitaria/Escuela Tecnológica,Oficial,59.14,ESPECIALIZACION EN GESTION PUBLICA,,,,,,,,,,,,,,,,
2104,2104,59,ESCUELA SUPERIOR DE ADMINISTRACION PUBLICA-ESAP-,Activa,Institución Universitaria/Escuela Tecnológica,Oficial,59.16,ESPECIALIZACION EN GESTION Y PLANIFICACI¿N DEL DESARROLLO URBANO Y REGIONAL,,,,,,,,,,,,,,,,
2104,2104,59,ESCUELA SUPERIOR DE ADMINISTRACION PUBLICA-ESAP-,Activa,Institución Universitaria/Escuela Tecnológica,Oficial,59.17,ESPECIALIZACION EN PROYECTOS DE DESARROLLO,,,,,,,,,,,,,,,,
2104,2104,59,ESCUELA SUPERIOR DE ADMINISTRACION PUBLICA-ESAP-,Activa,Institución Universitaria/Escuela Tecnológica,Oficial,59.21,"MAESTRÍA EN DERECHOS HUMANOS, GESTIÓN DE LA TRANSICIÓN Y POSCONFLICTO",,,,,,,,,,,,,,,,
2110,2110,60,COLEGIO MAYOR DE ANTIOQUIA,Activa,Institución Universitaria/Escuela Tecnológica,Oficial,60.1,ESPECIALIZACIÓN EN PLANEACIÓN URBANA,,,,,,,,,,,,,,,,
2209,2209,61,POLITECNICO COLOMBIANO JAIME ISAZA CADAVID,Activa,Institución Universitaria/Escuela Tecnológica,Oficial,61.1,ESPECIALIZACIÓN EN ANALÍTICA DE DATOS,,,,,,,,,,,,,,,,
2701,2701,62,INSTITUCION UNIVERSITARIA COLEGIOS DE COLOMBIA - UNICOC,Activa,Institución Universitaria/Escuela Tecnológica,Privado,62.1,ESPECIALIZACION EN GERENCIA DE SERVICIOS DE SALUD,,,,,,,,,,,,,,,,
2702,2702,63,FUNDACION UNIVERSITARIA DE CIENCIAS DE LA SALUD,Activa,Institución Universitaria/Escuela Tecnológica,Privado,63.1,ESPECIALIZACIÓN EN GERENCIA DE LA CALIDAD Y GESTIÓN CLÍNICA,,,,,,,,,,,,,,,,
2702,2702,63,FUNDACION UNIVERSITARIA DE CIENCIAS DE LA SALUD,Activa,Institución Universitaria/Escuela Tecnológica,Privado,63.2,ESPECIALIZACIÓN EN GERENCIA DE LA SALUD,,,,,,,,,,,,,,,,
2702,2702,63,FUNDACION UNIVERSITARIA DE CIENCIAS DE LA SALUD,Activa,Institución Universitaria/Escuela Tecnológica,Privado,63.3,ESPECIALIZACIÓN EN GERENCIA EN MERCADEO DE SERVICIOS DE SALUD,,,,,,,,,,,,,,,,
2708,2708,64,UNIVERSIDAD CES,Activa,Universidad,Privado,64.1,ESPECIALIZACIÓN EN PROMOCIÓN Y COMUNICACIÓN PARA LA SALUD,,,,,,,,,,,,,,,,
2708,2708,64,UNIVERSIDAD CES,Activa,Universidad,Privado,64.2,MAESTRÍA EN TECNOLOGÍAS DE LA INFORMACIÓN Y LA COMUNICACIÓN EN SALUD,,,,,,,,,,,,,,,,
2710,2710,65,FUNDACION UNIVERSITARIA MONSERRATE -UNIMONSERRATE,Activa,Institución Universitaria/Escuela Tecnológica,Privado,65.1,MAESTRÍA EN GESTIÓN DEL DESARROLLO SOCIAL,,,,,,,,,,,,,,,,
2711,2711,66,UNIVERSIDAD CATOLICA DE PEREIRA,Activa,Universidad,Privado,66.1,MAESTRÍA EN INNOVACIÓN EDUCATIVA,,,,,,,,,,,,,,,,
2713,2713,67,FUNDACION UNIVERSITARIA LOS LIBERTADORES,Activa,Institución Universitaria/Escuela Tecnológica,Privado,67.1,ESPECIALIZACION EN EDUCACION AMBIENTAL,,,,,,,,,,,,,,,,
2713,2713,67,FUNDACION UNIVERSITARIA LOS LIBERTADORES,Activa,Institución Universitaria/Escuela Tecnológica,Privado,67.2,ESPECIALIZACION EN EL ARTE EN LOS PROCESOS DE APRENDIZAJE,,,,,,,,,,,,,,,,
2713,2713,67,FUNDACION UNIVERSITARIA LOS LIBERTADORES,Activa,Institución Universitaria/Escuela Tecnológica,Privado,67.3,ESPECIALIZACIÓN EN ESTADÍSTICA APLICADA,,,,,,,,,,,,,,,,
2713,2713,67,FUNDACION UNIVERSITARIA LOS LIBERTADORES,Activa,Institución Universitaria/Escuela Tecnológica,Privado,67.4,ESPECIALIZACIÓN EN GERENCIA ESTRATÉGICA DE PYMES,,,,,,,,,,,,,,,,
2713,2713,67,FUNDACION UNIVERSITARIA LOS LIBERTADORES,Activa,Institución Universitaria/Escuela Tecnológica,Privado,67.5,ESPECIALIZACION EN INFORMATICA PARA EL APRENDIZAJE EN RED,,,,,,,,,,,,,,,,
2713,2713,67,FUNDACION UNIVERSITARIA LOS LIBERTADORES,Activa,Institución Universitaria/Escuela Tecnológica,Privado,67.6,ESPECIALIZACION EN PEDAGOGIA DE LA LUDICA,,,,,,,,,,,,,,,,
2713,2713,67,FUNDACION UNIVERSITARIA LOS LIBERTADORES,Activa,Institución Universitaria/Escuela Tecnológica,Privado,67.7,MAESTRIA EN EDUCACION,,,,,,,,,,,,,,,,
2713,2713,67,FUNDACION UNIVERSITARIA LOS LIBERTADORES,Activa,Institución Universitaria/Escuela Tecnológica,Privado,67.8,MAESTRÍA EN EDUCACIÓN,,,,,,,,,,,,,,,,
2713,2713,67,FUNDACION UNIVERSITARIA LOS LIBERTADORES,Activa,Institución Universitaria/Escuela Tecnológica,Privado,67.9,MAESTRÍA EN GERENCIA DEL DESARROLLO SOSTENIBLE,,,,,,,,,,,,,,,,
2719,2719,68,UNIVERSIDAD CATÓLICA LUIS AMIGÓ,Activa,Universidad,Privado,68.1,ESPECIALIZACIÓN EN ADICCIONES,,,,,,,,,,,,,,,,
2719,2719,68,UNIVERSIDAD CATÓLICA LUIS AMIGÓ,Activa,Universidad,Privado,68.2,ESPECIALIZACION EN FINANZAS,,,,,,,,,,,,,,,,
2719,2719,68,UNIVERSIDAD CATÓLICA LUIS AMIGÓ,Activa,Universidad,Privado,68.3,ESPECIALIZACION EN GERENCIA DE LA RESPONSABILIDAD SOCIAL EMPRESARIAL,,,,,,,,,,,,,,,,
2719,2719,68,UNIVERSIDAD CATÓLICA LUIS AMIGÓ,Activa,Universidad,Privado,68.4,ESPECIALIZACIÓN EN GERENCIA DEL TALENTO HUMANO,,,,,,,,,,,,,,,,
2719,2719,68,UNIVERSIDAD CATÓLICA LUIS AMIGÓ,Activa,Universidad,Privado,68.5,ESPECIALIZACIÓN EN GESTIÓN EDUCATIVA,,,,,,,,,,,,,,,,
2719,2719,68,UNIVERSIDAD CATÓLICA LUIS AMIGÓ,Activa,Universidad,Privado,68.7,ESPECIALIZACIÓN EN NEUROPSICOPEDAGOGÍA INFANTIL,,,,,,,,,,,,,,,,
2720,2720,69,FUNDACION UNIVERSITARIA JUAN DE CASTELLANOS,Activa,Institución Universitaria/Escuela Tecnológica,Privado,69.1,ESPECIALIZACIÓN EN CLIMA ESCOLAR,,,,,,,,,,,,,,,,
2720,2720,69,FUNDACION UNIVERSITARIA JUAN DE CASTELLANOS,Activa,Institución Universitaria/Escuela Tecnológica,Privado,69.2,ESPECIALIZACIÓN EN EDUCACIÓN E INTERVENCIÓN PARA LA PRIMERA INFANCIA,,,,,,,,,,,,,,,,
2720,2720,69,FUNDACION UNIVERSITARIA JUAN DE CASTELLANOS,Activa,Institución Universitaria/Escuela Tecnológica,Privado,69.3,ESPECIALIZACIÓN EN EDUCACIÓN INCLUSIVA,,,,,,,,,,,,,,,,
2720,2720,69,FUNDACION UNIVERSITARIA JUAN DE CASTELLANOS,Activa,Institución Universitaria/Escuela Tecnológica,Privado,69.4,ESPECIALIZACIÓN EN GESTIÓN EDUCATIVA Y CURRICULAR,,,,,,,,,,,,,,,,
2720,2720,69,FUNDACION UNIVERSITARIA JUAN DE CASTELLANOS,Activa,Institución Universitaria/Escuela Tecnológica,Privado,69.5,ESPECIALIZACIÓN EN INFORMÁTICA EDUCATIVA,,,,,,,,,,,,,,,,
2720,2720,69,FUNDACION UNIVERSITARIA JUAN DE CASTELLANOS,Activa,Institución Universitaria/Escuela Tecnológica,Privado,69.6,ESPECIALIZACION EN INNOVACION PEDAGOGICA,,,,,,,,,,,,,,,,
2720,2720,69,FUNDACION UNIVERSITARIA JUAN DE CASTELLANOS,Activa,Institución Universitaria/Escuela Tecnológica,Privado,69.7,ESPECIALIZACION EN LUDICA EDUCATIVA,,,,,,,,,,,,,,,,
2721,2721,70,FUNDACION UNIVERSITARIA MARIA CANO,Activa,Institución Universitaria/Escuela Tecnológica,Privado,70.1,ESPECIALIZACION EN ADMINISTRACION DE SERVICIOS DE SALUD,,,,,,,,,,,,,,,,
2721,2721,70,FUNDACION UNIVERSITARIA MARIA CANO,Activa,Institución Universitaria/Escuela Tecnológica,Privado,70.2,ESPECIALIZACION EN ALTA GERENCIA,,,,,,,,,,,,,,,,
2721,2721,70,FUNDACION UNIVERSITARIA MARIA CANO,Activa,Institución Universitaria/Escuela Tecnológica,Privado,70.3,ESPECIALIZACIÓN EN ATENCIÓN INTEGRAL A LA PRIMERA INFANCIA,,,,,,,,,,,,,,,,
2721,2721,70,FUNDACION UNIVERSITARIA MARIA CANO,Activa,Institución Universitaria/Escuela Tecnológica,Privado,70.4,ESPECIALIZACIÓN EN GERENCIA DE LA SALUD OCUPACIONAL,,,,,,,,,,,,,,,,
2721,2721,70,FUNDACION UNIVERSITARIA MARIA CANO,Activa,Institución Universitaria/Escuela Tecnológica,Privado,70.5,ESPECIALIZACIÓN EN PSICOLOGÍA DEL DEPORTE,,,,,,,,,,,,,,,,
2723,2723,71,FUNDACION UNIVERSITARIA AGRARIA DE COLOMBIA -UNIAGRARIA-,Activa,Institución Universitaria/Escuela Tecnológica,Privado,71.1,ESPECIALIZACIÓN EN BIENESTAR ANIMAL Y ETOLOGÍA,,,,,,,,,,,,,,,,
2723,2723,71,FUNDACION UNIVERSITARIA AGRARIA DE COLOMBIA -UNIAGRARIA-,Activa,Institución Universitaria/Escuela Tecnológica,Privado,71.2,ESPECIALIZACIÓN EN EDUCACIÓN EN CONTEXTOS RURALES,,,,,,,,,,,,,,,,
2723,2723,71,FUNDACION UNIVERSITARIA AGRARIA DE COLOMBIA -UNIAGRARIA-,Activa,Institución Universitaria/Escuela Tecnológica,Privado,71.3,ESPECIALIZACIÓN EN GESTIÓN DE AGRONEGOCIOS,,,,,,,,,,,,,,,,
2723,2723,71,FUNDACION UNIVERSITARIA AGRARIA DE COLOMBIA -UNIAGRARIA-,Activa,Institución Universitaria/Escuela Tecnológica,Privado,71.4,ESPECIALIZACIÓN EN SALUD PÚBLICA VETERINARIA,,,,,,,,,,,,,,,,
2725,2725,73,POLITECNICO GRANCOLOMBIANO,Activa,Institución Universitaria/Escuela Tecnológica,Privado,73.1,ESPECIALIZACIÓN DE GERENCIA DE PROYECTOS EN INTELIGENCIA DE NEGOCIOS,,,,,,,,,,,,,,,,
2725,2725,73,POLITECNICO GRANCOLOMBIANO,Activa,Institución Universitaria/Escuela Tecnológica,Privado,73.2,ESPECIALIZACIÓN EN COMUNICACIÓN Y NARRATIVAS DIGITALES,,,,,,,,,,,,,,,,
2725,2725,73,POLITECNICO GRANCOLOMBIANO,Activa,Institución Universitaria/Escuela Tecnológica,Privado,73.3,ESPECIALIZACION EN GERENCIA DE FINANZAS,,,,,,,,,,,,,,,,
2725,2725,73,POLITECNICO GRANCOLOMBIANO,Activa,Institución Universitaria/Escuela Tecnológica,Privado,73.4,ESPECIALIZACIÓN EN GERENCIA DE LA SEGURIDAD Y SALUD  EN EL TRABAJO,,,,,,,,,,,,,,,,
2725,2725,73,POLITECNICO GRANCOLOMBIANO,Activa,Institución Universitaria/Escuela Tecnológica,Privado,73.5,ESPECIALIZACIÓN EN GERENCIA DE MERCADEO,,,,,,,,,,,,,,,,
2725,2725,73,POLITECNICO GRANCOLOMBIANO,Activa,Institución Universitaria/Escuela Tecnológica,Privado,73.6,ESPECIALIZACIÓN EN GERENCIA DE PROYECTOS DE TELECOMUNICACIONES,,,,,,,,,,,,,,,,
2725,2725,73,POLITECNICO GRANCOLOMBIANO,Activa,Institución Universitaria/Escuela Tecnológica,Privado,73.7,ESPECIALIZACIÓN EN GERENCIA DE RIESGOS Y SEGUROS,,,,,,,,,,,,,,,,
2725,2725,73,POLITECNICO GRANCOLOMBIANO,Activa,Institución Universitaria/Escuela Tecnológica,Privado,73.8,ESPECIALIZACIÓN EN GESTIÓN EDUCATIVA,,,,,,,,,,,,,,,,
2725,2725,73,POLITECNICO GRANCOLOMBIANO,Activa,Institución Universitaria/Escuela Tecnológica,Privado,73.9,ESPECIALIZACIÓN EN GESTIÓN EMPRESARIAL,,,,,,,,,,,,,,,,
2725,2725,73,POLITECNICO GRANCOLOMBIANO,Activa,Institución Universitaria/Escuela Tecnológica,Privado,73.10,ESPECIALIZACIÓN EN HERRAMIENTAS VIRTUALES PARA LA EDUCACIÓN,,,,,,,,,,,,,,,,
2725,2725,73,POLITECNICO GRANCOLOMBIANO,Activa,Institución Universitaria/Escuela Tecnológica,Privado,73.11,ESPECIALIZACIÓN EN SEGURIDAD DE LA INFORMACIÓN,,,,,,,,,,,,,,,,
2725,2725,73,POLITECNICO GRANCOLOMBIANO,Activa,Institución Universitaria/Escuela Tecnológica,Privado,73.12,ESPECIALIZACIÓN TECNOLÓGICA EN DESARROLLO DE APLICATIVOS PARA REDES MÓVILES,,,,,,,,1,,,,,,,,
2725,2725,73,POLITECNICO GRANCOLOMBIANO,Activa,Institución Universitaria/Escuela Tecnológica,Privado,73.13,ESPECIALIZACIÓN TECNOLÓGICA EN TURISMO DE SALUD Y BIENESTAR,,,,,,,,1,,,,,,,,
2725,2725,73,POLITECNICO GRANCOLOMBIANO,Activa,Institución Universitaria/Escuela Tecnológica,Privado,73.14,MAESTRÍA EN ADMINISTRACIÓN INTERNACIONAL,,,,,,,,,,,,,,,,
2725,2725,73,POLITECNICO GRANCOLOMBIANO,Activa,Institución Universitaria/Escuela Tecnológica,Privado,73.15,MAESTRÍA EN GERENCIA DEL TALENTO HUMANO,,,,,,,,,,,,,,,,
2725,2725,73,POLITECNICO GRANCOLOMBIANO,Activa,Institución Universitaria/Escuela Tecnológica,Privado,73.16,MAESTRÍA EN INNOVACIÓN EDUCATIVA,,,,,,,,,,,,,,,,
2727,2727,74,FUNDACION UNIVERSITARIA-CEIPA-,Activa,Institución Universitaria/Escuela Tecnológica,Privado,74.1,ESPECIALIZACIÓN EN GERENCIA,,,,,,,,,,,,,,,,
2727,2727,74,FUNDACION UNIVERSITARIA-CEIPA-,Activa,Institución Universitaria/Escuela Tecnológica,Privado,74.2,ESPECIALIZACIÓN EN GERENCIA DE MERCADEO,,,,,,,,,,,,,,,,
2727,2727,74,FUNDACION UNIVERSITARIA-CEIPA-,Activa,Institución Universitaria/Escuela Tecnológica,Privado,74.4,ESPECIALIZACIÓN EN GERENCIA DE PROYECTOS,,,,,,,,,,,,,,,,
2727,2727,74,FUNDACION UNIVERSITARIA-CEIPA-,Activa,Institución Universitaria/Escuela Tecnológica,Privado,74.5,ESPECIALIZACIÓN EN GERENCIA DEL TALENTO HUMANO,,,,,,,,,,,,,,,,
2727,2727,74,FUNDACION UNIVERSITARIA-CEIPA-,Activa,Institución Universitaria/Escuela Tecnológica,Privado,74.6,ESPECIALIZACIÓN EN GERENCIA FINANCIERA,,,,,,,,,,,,,,,,
2727,2727,74,FUNDACION UNIVERSITARIA-CEIPA-,Activa,Institución Universitaria/Escuela Tecnológica,Privado,74.7,ESPECIALIZACION EN GERENCIA LOGISTICA,,,,,,,,,,,,,,,,
2727,2727,74,FUNDACION UNIVERSITARIA-CEIPA-,Activa,Institución Universitaria/Escuela Tecnológica,Privado,74.8,ESPECIALIZACION EN GESTION SERVICIOS,,,,,,,,,,,,,,,,
2728,2728,75,FUNDACION UNIVERSITARIA DEL AREA ANDINA,Activa,Institución Universitaria/Escuela Tecnológica,Privado,75.1,ESPECIALIZACIÓN EN ALTA GERENCIA,,,,,,,,,,,,,,,,
2728,2728,75,FUNDACION UNIVERSITARIA DEL AREA ANDINA,Activa,Institución Universitaria/Escuela Tecnológica,Privado,75.2,ESPECIALIZACION EN AUDITORIA EN SALUD,,,,,,,,,,,,,,,,
2728,2728,75,FUNDACION UNIVERSITARIA DEL AREA ANDINA,Activa,Institución Universitaria/Escuela Tecnológica,Privado,75.3,"ESPECIALIZACIÓN EN DERECHOS DE AUTOR,  PROPIEDAD INDUSTRIAL Y NUEVAS TECNOLOGÍAS",,,,,,,,,,,,,,,,
2728,2728,75,FUNDACION UNIVERSITARIA DEL AREA ANDINA,Activa,Institución Universitaria/Escuela Tecnológica,Privado,75.4,ESPECIALIZACION EN EPIDEMIOLOGIA,,,,,,,,,,,,,,,,
2728,2728,75,FUNDACION UNIVERSITARIA DEL AREA ANDINA,Activa,Institución Universitaria/Escuela Tecnológica,Privado,75.5,ESPECIALIZACION EN GERENCIA EN SEGURIDAD Y SALUD EN EL TRABAJO,,,,,,,,,,,,,,,,
2728,2728,75,FUNDACION UNIVERSITARIA DEL AREA ANDINA,Activa,Institución Universitaria/Escuela Tecnológica,Privado,75.6,ESPECIALIZACIÓN EN GERENCIA FINANCIERA,,,,,,,,,,,,,,,,
2728,2728,75,FUNDACION UNIVERSITARIA DEL AREA ANDINA,Activa,Institución Universitaria/Escuela Tecnológica,Privado,75.7,ESPECIALIZACION EN GESTION AMBIENTAL,,,,,,,,,,,,,,,,
2728,2728,75,FUNDACION UNIVERSITARIA DEL AREA ANDINA,Activa,Institución Universitaria/Escuela Tecnológica,Privado,75.8,ESPECIALIZACION EN INFORMATICA EDUCATIVA,,,,,,,,,,,,,,,,
2728,2728,75,FUNDACION UNIVERSITARIA DEL AREA ANDINA,Activa,Institución Universitaria/Escuela Tecnológica,Privado,75.9,ESPECIALIZACIÓN EN PEDAGOGÍA  Y DOCENCIA,,,,,,,,,,,,,,,,
2728,2728,75,FUNDACION UNIVERSITARIA DEL AREA ANDINA,Activa,Institución Universitaria/Escuela Tecnológica,Privado,75.10,ESPECIALIZACIÓN EN REVISORÍA FISCAL Y AUDITORÍA FORENSE,,,,,,,,,,,,,,,,
2728,2728,75,FUNDACION UNIVERSITARIA DEL AREA ANDINA,Activa,Institución Universitaria/Escuela Tecnológica,Privado,75.11,MAESTRÍA EN EPIDEMIOLOGÍA,,,,,,,,,,,,,,,,
2728,2728,75,FUNDACION UNIVERSITARIA DEL AREA ANDINA,Activa,Institución Universitaria/Escuela Tecnológica,Privado,75.12,MAESTRÍA EN GERENCIA DE MERCADEO DIGITAL,,,,,,,,,,,,,,,,
2728,2728,75,FUNDACION UNIVERSITARIA DEL AREA ANDINA,Activa,Institución Universitaria/Escuela Tecnológica,Privado,75.13,MAESTRÍA EN INNOVACIÓN,,,,,,,,,,,,,,,,
2732,2732,76,FUNDACION UNIVERSITARIA CATOLICA DEL NORTE,Activa,Institución Universitaria/Escuela Tecnológica,Privado,76.1,ESPECIALIZACION EN DIALOGO INTERRELIGIOSO E INTERCULTURAL,,,,,,,,,,,,,,,,
2732,2732,76,FUNDACION UNIVERSITARIA CATOLICA DEL NORTE,Activa,Institución Universitaria/Escuela Tecnológica,Privado,76.2,ESPECIALIZACION EN EVANGELIZACIÓN EN AMBIENTES VIRTUALES,,,,,,,,,,,,,,,,
2732,2732,76,FUNDACION UNIVERSITARIA CATOLICA DEL NORTE,Activa,Institución Universitaria/Escuela Tecnológica,Privado,76.3,ESPECIALIZACIÓN EN GERENCIA AGROPECUARIA,,,,,,,,,,,,,,,,
2732,2732,76,FUNDACION UNIVERSITARIA CATOLICA DEL NORTE,Activa,Institución Universitaria/Escuela Tecnológica,Privado,76.4,ESPECIALIZACION EN GERENCIA DE NEGOCIOS INTERNACIONALES,,,,,,,,,,,,,,,,
2732,2732,76,FUNDACION UNIVERSITARIA CATOLICA DEL NORTE,Activa,Institución Universitaria/Escuela Tecnológica,Privado,76.5,ESPECIALIZACIÓN EN GERENCIA FINANCIERA,,,,,,,,,,,,,,,,
2732,2732,76,FUNDACION UNIVERSITARIA CATOLICA DEL NORTE,Activa,Institución Universitaria/Escuela Tecnológica,Privado,76.6,ESPECIALIZACIÓN EN GESTIÓN AMBIENTAL,,,,,,,,,,,,,,,,
2732,2732,76,FUNDACION UNIVERSITARIA CATOLICA DEL NORTE,Activa,Institución Universitaria/Escuela Tecnológica,Privado,76.7,ESPECIALIZACIÓN EN GESTIÓN DE INFRAESTRUCTURA TECNOLÓGICA,,,,,,,,,,,,,,,,
2732,2732,76,FUNDACION UNIVERSITARIA CATOLICA DEL NORTE,Activa,Institución Universitaria/Escuela Tecnológica,Privado,76.8,ESPECIALIZACIÓN EN GESTIÓN DE SEGURIDAD Y RIESGO INFORMÁTICO,,,,,,,,,,,,,,,,
2732,2732,76,FUNDACION UNIVERSITARIA CATOLICA DEL NORTE,Activa,Institución Universitaria/Escuela Tecnológica,Privado,76.9,ESPECIALIZACION EN GESTIÓN GERONTOLÓGICA,,,,,,,,,,,,,,,,
2732,2732,76,FUNDACION UNIVERSITARIA CATOLICA DEL NORTE,Activa,Institución Universitaria/Escuela Tecnológica,Privado,76.10,ESPECIALIZACION EN GESTIÓN PARA EL TELETRABAJO,,,,,,,,,,,,,,,,
2732,2732,76,FUNDACION UNIVERSITARIA CATOLICA DEL NORTE,Activa,Institución Universitaria/Escuela Tecnológica,Privado,76.11,ESPECIALIZACION EN INTELIGENCIA DE NEGOCIOS,,,,,,,,,,,,,,,,
2732,2732,76,FUNDACION UNIVERSITARIA CATOLICA DEL NORTE,Activa,Institución Universitaria/Escuela Tecnológica,Privado,76.12,ESPECIALIZACION EN PEDAGOGIA DE LA VIRTUALIDAD,,,,,,,,,,,,,,,,#VALUE!
2745,2745,77,FUNDACIÓN UNIVERSITARIA COMPENSAR,Activa,Institución Universitaria/Escuela Tecnológica,Privado,77.1,ESPECIALIZACIÓN EN GERENCIA DE LA COMUNICACIÓN ESTRATÉGICA,,,,,,,,,,,,,,,,
2748,2748,78,FUNDACION UNIVERSITARIA SEMINARIO TEOLOGICO BAUTISTA INTERNACIONAL,Activa,Institución Universitaria/Escuela Tecnológica,Privado,78.1,MAESTRIA EN TEOLOGIA,,,,,,,,,,,,,,,,
2805,2805,79,UNIVERSIDAD SIMON BOLIVAR,Activa,Universidad,Privado,79.1,MAESTRIA EN EDUCACION,,,,,,,,,,,,,,,,
2810,2810,80,CORPORACION UNIVERSIDAD DE LA COSTA CUC,Activa,Universidad,Privado,80.1,ESPECIALIZACION EN ESTUDIOS PEDAGOGICOS,,,,,,,,,,,,,,,,
2810,2810,80,CORPORACION UNIVERSIDAD DE LA COSTA CUC,Activa,Universidad,Privado,80.2,ESPECIALIZACIÓN EN SEXUALIDAD Y RELACIONES CONTEMPORÁNEAS,,,,,,,,,,,,,,,,
2810,2810,80,CORPORACION UNIVERSIDAD DE LA COSTA CUC,Activa,Universidad,Privado,80.3,MAESTRÍA EN ADMINISTRACIÓN,,,,,,,,,,,,,,,,
2810,2810,80,CORPORACION UNIVERSIDAD DE LA COSTA CUC,Activa,Universidad,Privado,80.4,MAESTRIA EN CONTABILIDAD Y FINANZAS,,,,,,,,,,,,,,,,
2810,2810,80,CORPORACION UNIVERSIDAD DE LA COSTA CUC,Activa,Universidad,Privado,80.6,MAESTRIA EN EDUCACION,,,,,,,,,,,,,,,,
2810,2810,80,CORPORACION UNIVERSIDAD DE LA COSTA CUC,Activa,Universidad,Privado,80.7,MAESTRIA EN GERENCIA EN SEGURIDAD Y SALUD EN EL TRABAJO,,,,,,,,,,,,,,,,
2810,2810,80,CORPORACION UNIVERSIDAD DE LA COSTA CUC,Activa,Universidad,Privado,80.8,MAESTRIA EN GESTION DE SERVICIOS DE SALUD,,,,,,,,,,,,,,,,
2810,2810,80,CORPORACION UNIVERSIDAD DE LA COSTA CUC,Activa,Universidad,Privado,80.9,MAESTRIA EN MARKETING,,,,,,,,,,,,,,,,
2810,2810,80,CORPORACION UNIVERSIDAD DE LA COSTA CUC,Activa,Universidad,Privado,80.10,MAESTRIA EN NEUROPSICOPEDAGOGIA,,,,,,,,,,,,,,,,
2812,2812,81,UNIVERSIDAD EAN,Activa,Universidad,Privado,81.1,ESPECIALIZACION EN ADMINISTRACION DE EMPRESAS,,,,,,,,,,,,,,,,
2812,2812,81,UNIVERSIDAD EAN,Activa,Universidad,Privado,81.2,ESPECIALIZACIÓN EN DIRECCIÓN FINANCIERA,,,,,,,,,,,,,,,,
2812,2812,81,UNIVERSIDAD EAN,Activa,Universidad,Privado,81.3,ESPECIALIZACIÓN EN GERENCIA COMERCIAL Y MERCADEO,,,,,,,,,,,,,,,,
2812,2812,81,UNIVERSIDAD EAN,Activa,Universidad,Privado,81.4,ESPECIALIZACION EN GERENCIA DE PROCESOS DE CALIDAD E INNOVACION,,,,,,,,,,,,,,,,
2812,2812,81,UNIVERSIDAD EAN,Activa,Universidad,Privado,81.5,ESPECIALIZACIÓN EN GERENCIA DE PROYECTOS,,,,,,,,,,,,,,,,
2812,2812,81,UNIVERSIDAD EAN,Activa,Universidad,Privado,81.14,ESPECIALIZACION EN GESTION HUMANA,,,,,,,,,,,,,,,,
2812,2812,81,UNIVERSIDAD EAN,Activa,Universidad,Privado,81.15,ESPECIALIZACION EN GOBIERNO Y GERENCIA PUBLICA,,,,,,,,,,,,,,,,
2812,2812,81,UNIVERSIDAD EAN,Activa,Universidad,Privado,81.16,"MAESTRÍA EN ADMINISTRACIÓN DE EMPRESAS, MBA",,,,,,,,,,,,,,,,
2812,2812,81,UNIVERSIDAD EAN,Activa,Universidad,Privado,81.18,MAESTRÍA EN GERENCIA DE PROYECTOS,,,,,,,,,,,,,,,,
2812,2812,81,UNIVERSIDAD EAN,Activa,Universidad,Privado,81.19,MAESTRÍA EN GERENCIA DE SISTEMAS DE INFORMACIÓN Y PROYECTOS TECNOLÓGICOS,,,,,,,,,,,,,,,,
2812,2812,81,UNIVERSIDAD EAN,Activa,Universidad,Privado,81.20,MAESTRÍA EN GESTIÓN DE LA EDUCACIÓN VIRTUAL,,,,,,,,,,,,,,,,
2812,2812,81,UNIVERSIDAD EAN,Activa,Universidad,Privado,81.22,MAESTRÍA EN INTELIGENCIA DE NEGOCIOS,,,,,,,,,,,,,,,,
2812,2812,81,UNIVERSIDAD EAN,Activa,Universidad,Privado,81.24,MAESTRÍA EN NEGOCIOS INTERNACIONALES,,,,,,,,,,,,,,,,
2812,2812,81,UNIVERSIDAD EAN,Activa,Universidad,Privado,81.25,MAESTRÍA EN PROYECTOS DE DESARROLLO SOSTENIBLE,,,,,,,,,,,,,,,,
2815,2815,82,CORPORACION UNIVERSITARIA ADVENTISTA - UNAC,Activa,Institución Universitaria/Escuela Tecnológica,Privado,82.1,ESPECIALIZACIÓN EN DOCENCIA,,,,,,,,,,,,,,,,
2815,2815,82,CORPORACION UNIVERSITARIA ADVENTISTA - UNAC,Activa,Institución Universitaria/Escuela Tecnológica,Privado,82.2,ESPECIALIZACIÓN EN GESTIÓN TRIBUTARIA,,,,,,,,,,,,,,,,
2815,2815,82,CORPORACION UNIVERSITARIA ADVENTISTA - UNAC,Activa,Institución Universitaria/Escuela Tecnológica,Privado,82.3,MAESTRÍA EN EDUCACIÓN,,,,,,,,,,,,,,,,
2829,2829,84,CORPORACION UNIVERSITARIA MINUTO DE DIOS -UNIMINUTO-,Activa,Institución Universitaria/Escuela Tecnológica,Privado,84.1,ESPECIALIZACIÓN EN ATENCIÓN A LA PRIMERA INFANCIA,,,,,,,,,,,,,,,,
2829,2829,84,CORPORACION UNIVERSITARIA MINUTO DE DIOS -UNIMINUTO-,Activa,Institución Universitaria/Escuela Tecnológica,Privado,84.2,ESPECIALIZACIÓN EN COMUNICACIÓN DIGITAL,,,,,,,,,,,,,,,,
2829,2829,84,CORPORACION UNIVERSITARIA MINUTO DE DIOS -UNIMINUTO-,Activa,Institución Universitaria/Escuela Tecnológica,Privado,84.3,ESPECIALIZACIÓN EN ECONOMÍA SOCIAL Y SOLIDARIA,,,,,,,,,,,,,,,,
2829,2829,84,CORPORACION UNIVERSITARIA MINUTO DE DIOS -UNIMINUTO-,Activa,Institución Universitaria/Escuela Tecnológica,Privado,84.4,ESPECIALIZACIÓN EN GERENCIA DE PROYECTOS,,,,,,,,,,,,,,,,
2829,2829,84,CORPORACION UNIVERSITARIA MINUTO DE DIOS -UNIMINUTO-,Activa,Institución Universitaria/Escuela Tecnológica,Privado,84.5,ESPECIALIZACIÓN EN GERENCIA DE PROYECTOS,,,,,,,,,,,,,,,,
2829,2829,84,CORPORACION UNIVERSITARIA MINUTO DE DIOS -UNIMINUTO-,Activa,Institución Universitaria/Escuela Tecnológica,Privado,84.6,ESPECIALIZACIÓN EN GERENCIA DE PROYECTOS,,,,,,,,,,,,,,,,
2829,2829,84,CORPORACION UNIVERSITARIA MINUTO DE DIOS -UNIMINUTO-,Activa,Institución Universitaria/Escuela Tecnológica,Privado,84.7,"ESPECIALIZACIÓN EN GERENCIA DE RIESGOS LABORALES, SEGURIDAD Y SALUD EN EL TRABAJO",,,,,,,,,,,,,,,,
2829,2829,84,CORPORACION UNIVERSITARIA MINUTO DE DIOS -UNIMINUTO-,Activa,Institución Universitaria/Escuela Tecnológica,Privado,84.9,ESPECIALIZACIÓN EN GERENCIA FINANCIERA,,,,,,,,,,,,,,,,
2829,2829,84,CORPORACION UNIVERSITARIA MINUTO DE DIOS -UNIMINUTO-,Activa,Institución Universitaria/Escuela Tecnológica,Privado,84.10,ESPECIALIZACIÓN EN GESTIÓN PSICOSOCIAL EN CONTEXTOS DE TRABAJO.,,,,,,,,,,,,,,,,
2829,2829,84,CORPORACION UNIVERSITARIA MINUTO DE DIOS -UNIMINUTO-,Activa,Institución Universitaria/Escuela Tecnológica,Privado,84.11,ESPECIALIZACIÓN EN GESTIÓN TRIBUTARIA,,,,,,,,,,,,,,,,
2829,2829,84,CORPORACION UNIVERSITARIA MINUTO DE DIOS -UNIMINUTO-,Activa,Institución Universitaria/Escuela Tecnológica,Privado,84.12,MAESTRÍA EN EDUCACIÓN,,,,,,,,,,,,,,,,
2829,2829,84,CORPORACION UNIVERSITARIA MINUTO DE DIOS -UNIMINUTO-,Activa,Institución Universitaria/Escuela Tecnológica,Privado,84.13,MAESTRÍA EN EDUCACIÓN INCLUSIVA E INTERCULTURAL,,,,,,,,,,,,,,,,
2829,2829,84,CORPORACION UNIVERSITARIA MINUTO DE DIOS -UNIMINUTO-,Activa,Institución Universitaria/Escuela Tecnológica,Privado,84.14,MAESTRÍA EN GERENCIA DE LA INNOVACIÓN EN PROYECTOS,,,,,,,,,,,,,,,,
2829,2829,84,CORPORACION UNIVERSITARIA MINUTO DE DIOS -UNIMINUTO-,Activa,Institución Universitaria/Escuela Tecnológica,Privado,84.15,MAESTRÍA EN GERENCIA SOCIAL Y DESARROLLO,,,,,,,,,,,,,,,,
2829,2829,84,CORPORACION UNIVERSITARIA MINUTO DE DIOS -UNIMINUTO-,Activa,Institución Universitaria/Escuela Tecnológica,Privado,84.16,"MAESTRIA EN PAZ, DESARROLLO Y CIUDADANIA",,,,,,,,,,,,,,,,
2830,2830,85,CORPORACION UNIVERSITARIA IBEROAMERICANA,Activa,Institución Universitaria/Escuela Tecnológica,Privado,85.1,ESPECIALIZACION EN ANALITICA Y BIG DATA,,,,,,,,,,,,,,,,
2830,2830,85,CORPORACION UNIVERSITARIA IBEROAMERICANA,Activa,Institución Universitaria/Escuela Tecnológica,Privado,85.2,ESPECIALIZACION EN CIBERSEGURIDAD,,,,,,,,,,,,,,,,
2830,2830,85,CORPORACION UNIVERSITARIA IBEROAMERICANA,Activa,Institución Universitaria/Escuela Tecnológica,Privado,85.3,ESPECIALIZACIÓN EN DESARROLLO INTEGRAL DE LA INFANCIA Y LA ADOLESCENCIA,,,,,,,,,,,,,,,,
2830,2830,85,CORPORACION UNIVERSITARIA IBEROAMERICANA,Activa,Institución Universitaria/Escuela Tecnológica,Privado,85.4,ESPECIALIZACIÓN EN GERENCIA DE LA CALIDAD EN SALUD,,,,,,,,,,,,,,,,
2830,2830,85,CORPORACION UNIVERSITARIA IBEROAMERICANA,Activa,Institución Universitaria/Escuela Tecnológica,Privado,85.5,ESPECIALIZACIÓN EN GERENCIA DE LA SEGURIDAD Y SALUD EN EL TRABAJO,,,,,,,,,,,,,,,,
2830,2830,85,CORPORACION UNIVERSITARIA IBEROAMERICANA,Activa,Institución Universitaria/Escuela Tecnológica,Privado,85.6,ESPECIALIZACIÓN EN GERENCIA DE PROYECTOS,,,,,,,,,,,,,,,,
2830,2830,85,CORPORACION UNIVERSITARIA IBEROAMERICANA,Activa,Institución Universitaria/Escuela Tecnológica,Privado,85.8,ESPECIALIZACIÓN EN GERENCIA FINANCIERA,,,,,,,,,,,,,,,,
2830,2830,85,CORPORACION UNIVERSITARIA IBEROAMERICANA,Activa,Institución Universitaria/Escuela Tecnológica,Privado,85.9,ESPECIALIZACION EN MARKETING DIGITAL,,,,,,,,,,,,,,,,
2830,2830,85,CORPORACION UNIVERSITARIA IBEROAMERICANA,Activa,Institución Universitaria/Escuela Tecnológica,Privado,85.10,ESPECIALIZACIÓN EN NEUROPSICOLOGÍA DE LA EDUCACIÓN,,,,,,,,,,,,,,,,
2830,2830,85,CORPORACION UNIVERSITARIA IBEROAMERICANA,Activa,Institución Universitaria/Escuela Tecnológica,Privado,85.11,MAESTRIA EN AMBIENTES DIGITALES PARA LA EDUCACION,,,,,,,,,,,,,,,,
2830,2830,85,CORPORACION UNIVERSITARIA IBEROAMERICANA,Activa,Institución Universitaria/Escuela Tecnológica,Privado,85.12,MAESTRÍA EN EDUCACIÓN,,,,,,,,,,,,,,,,
2832,2832,86,UNIVERSIDAD DE SANTANDER - UDES,Activa,Universidad,Privado,86.1,ESPECIALIZACIÓN EN APLICACIÓN DE TIC PARA LA ENSEÑANZA,,,,,,,,,,,,,,,,
2832,2832,86,UNIVERSIDAD DE SANTANDER - UDES,Activa,Universidad,Privado,86.6,MAESTRÍA EN EDUCATRÓNICA,,,,,,,,,,,,,,,,
2832,2832,86,UNIVERSIDAD DE SANTANDER - UDES,Activa,Universidad,Privado,86.7,MAESTRIA EN TECNOLOGIAS DIGITALES APLICADAS A LA EDUCACION,,,,,,,,,,,,,,,,
2833,2833,87,CORPORACION UNIVERSITARIA REMINGTON,Activa,Institución Universitaria/Escuela Tecnológica,Privado,87.1,ESPECIALIZACIÓN EN ALTA GERENCIA,,,,,,,,,,,,,,,,
2833,2833,87,CORPORACION UNIVERSITARIA REMINGTON,Activa,Institución Universitaria/Escuela Tecnológica,Privado,87.2,ESPECIALIZACIÓN EN CUMPLIMIENTO ANTI LAVADO DE ACTIVOS Y CONTRA LA FINANCIACIÓN DEL TERRORISMO,,,,,,,,,,,,,,,,
2833,2833,87,CORPORACION UNIVERSITARIA REMINGTON,Activa,Institución Universitaria/Escuela Tecnológica,Privado,87.3,ESPECIALIZACIÓN EN DIRECCIÓN DE OPERACIONES Y MEJORAMIENTO CONTINUO,,,,,,,,,,,,,,,,
2833,2833,87,CORPORACION UNIVERSITARIA REMINGTON,Activa,Institución Universitaria/Escuela Tecnológica,Privado,87.4,ESPECIALIZACIÓN EN GERENCIA  FINANCIERA,,,,,,,,,,,,,,,,
2833,2833,87,CORPORACION UNIVERSITARIA REMINGTON,Activa,Institución Universitaria/Escuela Tecnológica,Privado,87.5,ESPECIALIZACIÓN EN GERENCIA AMBIENTAL,,,,,,,,,,,,,,,,
2833,2833,87,CORPORACION UNIVERSITARIA REMINGTON,Activa,Institución Universitaria/Escuela Tecnológica,Privado,87.6,ESPECIALIZACIÓN EN GERENCIA DE LA INNOVACIÓN Y DESARROLLO EMPRESARIAL,,,,,,,,,,,,,,,,
2833,2833,87,CORPORACION UNIVERSITARIA REMINGTON,Activa,Institución Universitaria/Escuela Tecnológica,Privado,87.7,ESPECIALIZACIÓN EN GERENCIA DE MERCADEO,,,,,,,,,,,,,,,,
2833,2833,87,CORPORACION UNIVERSITARIA REMINGTON,Activa,Institución Universitaria/Escuela Tecnológica,Privado,87.8,ESPECIALIZACIÓN EN GERENCIA DEL TALENTO HUMANO,,,,,,,,,,,,,,,,
2833,2833,87,CORPORACION UNIVERSITARIA REMINGTON,Activa,Institución Universitaria/Escuela Tecnológica,Privado,87.9,ESPECIALIZACIÓN EN GERENCIA DEL TURISMO,,,,,,,,,,,,,,,,
2833,2833,87,CORPORACION UNIVERSITARIA REMINGTON,Activa,Institución Universitaria/Escuela Tecnológica,Privado,87.10,ESPECIALIZACION EN GOBIERNO DE TECNOLOGIAS DE LA INFORMACION,,,,,,,,,,,,,,,,
2833,2833,87,CORPORACION UNIVERSITARIA REMINGTON,Activa,Institución Universitaria/Escuela Tecnológica,Privado,87.11,ESPECIALIZACIÓN EN INFORMÁTICA EDUCATIVA,,,,,,,,,,,,,,,,
2833,2833,87,CORPORACION UNIVERSITARIA REMINGTON,Activa,Institución Universitaria/Escuela Tecnológica,Privado,87.12,ESPECIALIZACIÓN EN LEGISLACIÓN TRIBUTARIA NACIONAL E INTERNACIONAL,,,,,,,,,,,,,,,,
2833,2833,87,CORPORACION UNIVERSITARIA REMINGTON,Activa,Institución Universitaria/Escuela Tecnológica,Privado,87.16,ESPECIALIZACIÓN EN SEGURIDAD DE LA INFORMACIÓN,,,,,,,,,,,,,,,,
2834,2834,88,UNIVERSITARIA AGUSTINIANA- UNIAGUSTINIANA,Activa,Institución Universitaria/Escuela Tecnológica,Privado,88.1,ESPECIALIZACIÓN EN GERENCIA ESTRATÉGICA DEL TALENTO HUMANO,,,,,,,,,,,,,,,,
2837,2837,89,CORPORACION UNIVERSITARIA REPUBLICANA,Activa,Institución Universitaria/Escuela Tecnológica,Privado,89.1,ESPECIALIZACIÓN EN DERECHO ADMINISTRATIVO,,,,,,,,,,,,,,,,
2847,2847,90,UNIVERSIDAD DE INVESTIGACION Y DESARROLLO - UDI,Activa,Universidad,Privado,90.1,ESPECIALIZACIÓN EN LOGÍSTICA,,,,,,,,,,,,,,,,
2847,2847,90,UNIVERSIDAD DE INVESTIGACION Y DESARROLLO - UDI,Activa,Universidad,Privado,90.2,ESPECIALIZACIÓN EN SEGURIDAD Y SALUD EN EL TRABAJO,,,,,,,,,,,,,,,,
2847,2847,90,UNIVERSIDAD DE INVESTIGACION Y DESARROLLO - UDI,Activa,Universidad,Privado,90.3,MAESTRÍA EN TIC PARA LA EDUCACIÓN,,,,,,,,,,,,,,,,
2848,2848,91,CORPORACION UNIVERSITARIA  UNITEC,Activa,Institución Universitaria/Escuela Tecnológica,Privado,91.1,ESPECIALIZACIÓN EN GERENCIA DE PROYECTOS,,,,,,,,,,,,,,,,
2848,2848,91,CORPORACION UNIVERSITARIA  UNITEC,Activa,Institución Universitaria/Escuela Tecnológica,Privado,91.2,ESPECIALIZACIÓN EN GERENCIA FINANCIERA,,,,,,,,,,,,,,,,
2848,2848,91,CORPORACION UNIVERSITARIA  UNITEC,Activa,Institución Universitaria/Escuela Tecnológica,Privado,91.3,ESPECIALIZACIÓN EN GESTIÓN DE LA SEGURIDAD Y SALUD EN EL TRABAJO,,,,,,,,,,,,,,,,
2848,2848,91,CORPORACION UNIVERSITARIA  UNITEC,Activa,Institución Universitaria/Escuela Tecnológica,Privado,91.4,ESPECIALIZACIÓN EN SEGURIDAD DE LA INFORMACIÓN,,,,,,,,,,,,,,,,
2849,2849,92,CORPORACION UNIVERSITARIA AUTONOMA DEL CAUCA,Activa,Institución Universitaria/Escuela Tecnológica,Privado,92.1,ESPECIALIZACION EN PEDAGOGIA,,,,,,,,,,,,,,,,
2850,2850,93,CORPORACION UNIVERSITARIA ANTONIO JOSE DE SUCRE - CORPOSUCRE,Activa,Institución Universitaria/Escuela Tecnológica,Privado,93.1,ESPECIALIZACIÓN EN GERENCIA TRIBUTARIA,,,,,,,,,,,,,,,,
2850,2850,93,CORPORACION UNIVERSITARIA ANTONIO JOSE DE SUCRE - CORPOSUCRE,Activa,Institución Universitaria/Escuela Tecnológica,Privado,93.2,ESPECIALIZACIÓN EN SEGURIDAD Y SALUD EN EL TRABAJO,,,,,,,,,,,,,,,,
2850,2850,93,CORPORACION UNIVERSITARIA ANTONIO JOSE DE SUCRE - CORPOSUCRE,Activa,Institución Universitaria/Escuela Tecnológica,Privado,93.2,ESPECIALIZACIÓN EN SEGURIDAD Y SALUD EN EL TRABAJO (VIRT),,,,,,,,,,,,,,,,
2904,2904,94,ESCUELA SUPERIOR DE GUERRA GENERAL RAFAEL REYES PRIETO,Activa,Institución Universitaria/Escuela Tecnológica,Oficial,94.1,"DOCTORADO EN ESTUDIOS ESTRATÉGICOS, SEGURIDAD Y DEFENSA",,,,,,,,,,,,,,,,
3107,3107,95,INSTITUCIÓN UNIVERSITARIA PASCUAL BRAVO,Activa,Institución Universitaria/Escuela Tecnológica,Oficial,95.1,ESPECIALIZACIÓN EN GESTIÓN DE PROYECTOS,,,,,,,,,,,,,,,,
3107,3107,95,INSTITUCIÓN UNIVERSITARIA PASCUAL BRAVO,Activa,Institución Universitaria/Escuela Tecnológica,Oficial,95.2,MAESTRÍA EN DISEÑO Y EVALUACIÓN DE PROYECTOS REGIONALES,,,,,,,,,,,,,,,,
3302,3302,96,INSTITUTO TECNOLOGICO METROPOLITANO,Activa,Institución Universitaria/Escuela Tecnológica,Oficial,96.1,"MAESTRÍA EN ESTUDIOS DE CIENCIA, TECNOLOGÍA, SOCIEDAD E INNOVACIÓN",,,,,,,,,,,,,,,,
3703,3703,97,INSTITUCION UNIVERSITARIA ESCOLME,Activa,Institución Universitaria/Escuela Tecnológica,Privado,97.1,ESPECIALIZACIÓN EN GERENCIA DE MERCADEO,,,,,,,,,,,,,,,,
3720,3720,100,FUNDACION UNIVERSITARIA ESUMER,Activa,Institución Universitaria/Escuela Tecnológica,Privado,100.1,ESPECIALIZACIÓN EN GESTIÓN DE E-COMMERCE Y MARKETING DIGITAL,,,,,,,,,,,,,,,,
4721,4721,102,FUNDACION UNIVERSITARIA HORIZONTE,Activa,Institución Universitaria/Escuela Tecnológica,Privado,102.1,"ESPECIALIZACIÓN EN AMBIENTES VIRTUALES DE APRENDIZAJE, AVA",,,,,,,,,,,,,,,,
4810,4810,104,CORPORACION UNIVERSITARIA CENDA,Activa,Institución Universitaria/Escuela Tecnológica,Privado,104.1,ESPECIALIZACIÓN EN DEPORTE Y DESARROLLO SOCIAL,,,,,,,,,,,,,,,,
4810,4810,104,CORPORACION UNIVERSITARIA CENDA,Activa,Institución Universitaria/Escuela Tecnológica,Privado,104.2,ESPECIALIZACIÓN EN INFANCIAS Y JUVENTUDES,,,,,,,,,,,,,,,,
4813,4813,105,CORPORACION UNIFICADA NACIONAL DE EDUCACION SUPERIOR-CUN-,Activa,Institución Técnica Profesional,Privado,105.1,ESPECIALIZACIÓN EN ANALÍTICA DE DATOS,,,,,,,,,,,,,,,,
4813,4813,105,CORPORACION UNIFICADA NACIONAL DE EDUCACION SUPERIOR-CUN-,Activa,Institución Técnica Profesional,Privado,105.2,ESPECIALIZACIÓN EN GERENCIA DE LA MARCA,,,,,,,,,,,,,,,,
4813,4813,105,CORPORACION UNIFICADA NACIONAL DE EDUCACION SUPERIOR-CUN-,Activa,Institución Técnica Profesional,Privado,105.3,ESPECIALIZACIÓN EN GERENCIA EN LA INDUSTRIA DE LA MODA,,,,,,,,,,,,,,,,
4813,4813,105,CORPORACION UNIFICADA NACIONAL DE EDUCACION SUPERIOR-CUN-,Activa,Institución Técnica Profesional,Privado,105.4,ESPECIALIZACIÓN EN PAZ Y DESARROLLO TERRITORIAL,,,,,,,,,,,,,,,,
5802,5802,106,UNIVERSIDAD ECCI,Activa,Universidad,Privado,106.1,ESPECIALIZACION EN EDUCACION PARA LA SOSTENIBILIDAD AMBIENTAL,,,,,,,,,,,,,,,,
5802,5802,106,UNIVERSIDAD ECCI,Activa,Universidad,Privado,106.2,ESPECIALIZACIÓN EN GERENCIA DE LA SEGURIDAD Y SALUD EN EL TRABAJO,,,,,,,,,,,,,,,,
5802,5802,106,UNIVERSIDAD ECCI,Activa,Universidad,Privado,106.3,ESPECIALIZACIÓN EN GERENCIA ESTRATÉGICA DE MERCADEO,,,,,,,,,,,,,,,,
5802,5802,106,UNIVERSIDAD ECCI,Activa,Universidad,Privado,106.4,ESPECIALIZACION EN INNOVACION DOCENTE MEDIADA POR TIC,,,,,,,,,,,,,,,,
5802,5802,106,UNIVERSIDAD ECCI,Activa,Universidad,Privado,106.5,MAESTRÍA EN ADMINISTRACIÓN,,,,,,,,,,,,,,,,
9102,9102,107,ESCUELA DE SUBOFICIALES DE LA FUERZA AEREA COLOMBIANA ANDRES M. DIAZ,Activa,Institución Tecnológica,Oficial,107.1,ESPECIALIZACIÓN TECNOLÓGICA EN ADMINISTRACIÓN DE OPERACIONES AERONÁUTICAS,,,,,,,,,,,,,,,,
9102,9102,107,ESCUELA DE SUBOFICIALES DE LA FUERZA AEREA COLOMBIANA ANDRES M. DIAZ,Activa,Institución Tecnológica,Oficial,107.2,ESPECIALIZACIÓN TECNOLÓGICA EN ADMINISTRACIÓN DE OPERACIONES PARA LA SEGURIDAD AEROPORTUARIA,,,,,,,,,,,,,,,,
9102,9102,107,ESCUELA DE SUBOFICIALES DE LA FUERZA AEREA COLOMBIANA ANDRES M. DIAZ,Activa,Institución Tecnológica,Oficial,107.3,ESPECIALIZACIÓN TECNOLÓGICA EN ADMINISTRACIÓN DE RECURSOS LOGÍSTICOS AERONÁUTICOS,,,,,,,,,,,,,,,,
9110,9110,108,SERVICIO NACIONAL DE APRENDIZAJE-SENA-,Activa,Institución Tecnológica,Oficial,108.1,ESPECIALIZACIÓN TECNOLÓGICA DISEÑO DE PRODUCTOS TURÍSTICOS,,,,,,,,,,,,,,,,
9110,9110,108,SERVICIO NACIONAL DE APRENDIZAJE-SENA-,Activa,Institución Tecnológica,Oficial,108.2,ESPECIALIZACIÓN TECNOLÓGICA DISEÑO Y DESARROLLO DE INVESTIGACIONES DE MERCADO,,,,,,,,,,,,,,,,
9110,9110,108,SERVICIO NACIONAL DE APRENDIZAJE-SENA-,Activa,Institución Tecnológica,Oficial,108.3,ESPECIALIZACIÓN TECNOLÓGICA EN DIAGNÓSTICO Y ANÁLISIS ORGANIZACIONAL PARA UNIDADES PRODUCTIVAS,,,,,,,,,,,,,,,,
9110,9110,108,SERVICIO NACIONAL DE APRENDIZAJE-SENA-,Activa,Institución Tecnológica,Oficial,108.4,ESPECIALIZACIÓN TECNOLÓGICA EN DISEÑO DE PROYECTOS TURÍSTICOS,,,,,,,,,,,,,,,,
9110,9110,108,SERVICIO NACIONAL DE APRENDIZAJE-SENA-,Activa,Institución Tecnológica,Oficial,108.5,ESPECIALIZACIÓN TECNOLÓGICA EN ESTRUCTURACIÓN DEL PLAN COMERCIAL,,,,,,,,,,,,,,,,
9110,9110,108,SERVICIO NACIONAL DE APRENDIZAJE-SENA-,Activa,Institución Tecnológica,Oficial,108.7,ESPECIALIZACIÓN TECNOLÓGICA EN GESTIÓN DEL TALENTO HUMANO POR COMPETENCIAS - METODOLOGÍA,,,,,,,,,,,,,,,,
9110,9110,108,SERVICIO NACIONAL DE APRENDIZAJE-SENA-,Activa,Institución Tecnológica,Oficial,108.8,ESPECIALIZACIÓN TECNOLÓGICA EN GESTIÓN ECONÓMICA DE LA LOGÍSTICA INTERNACIONAL,,,,,,,,,,,,,,,,
9110,9110,108,SERVICIO NACIONAL DE APRENDIZAJE-SENA-,Activa,Institución Tecnológica,Oficial,108.10,ESPECIALIZACIÓN TECNOLÓGICA EN GESTIÓN Y SEGURIDAD DE BASES DE DATOS,,,,,,,,,,,,,,,,
9110,9110,108,SERVICIO NACIONAL DE APRENDIZAJE-SENA-,Activa,Institución Tecnológica,Oficial,108.11,ESPECIALIZACIÓN TECNOLÓGICA EN MARKETING Y MODELOS DE NEGOCIO ONLINE,,,,,,,,,,,,,,,,
9110,9110,108,SERVICIO NACIONAL DE APRENDIZAJE-SENA-,Activa,Institución Tecnológica,Oficial,108.12,ESPECIALIZACIÓN TECNOLÓGICA EN PLANEACIÓN TRIBUTARIA,,,,,,,,,,,,,,,,
9110,9110,108,SERVICIO NACIONAL DE APRENDIZAJE-SENA-,Activa,Institución Tecnológica,Oficial,108.14,ESPECIALIZACIÓN TECNOLÓGICA EN PRODUCCIÓN Y CONSUMO SOSTENIBLE,,,,,,,,,,,,,,,,
9110,9110,108,SERVICIO NACIONAL DE APRENDIZAJE-SENA-,Activa,Institución Tecnológica,Oficial,108.15,ESPECIALIZACIÓN TECNOLÓGICA EN SUPERVISIÓN DE BUENAS PRÁCTICAS DE MANUFACTURA,,,,,,,,,,,,,,,,
9116,9116,109,FUNDACION UNIVERSITARIA CLARETIANA - UNICLARETIANA,Activa,Institución Universitaria/Escuela Tecnológica,Privado,109.1,ESPECIALIZACIÓN EN ESTUDIOS BÍBLICOS,,,,,,,,,,,,,,,,
9116,9116,109,FUNDACION UNIVERSITARIA CLARETIANA - UNICLARETIANA,Activa,Institución Universitaria/Escuela Tecnológica,Privado,109.3,ESPECIALIZACIÓN EN GESTION DE PROCESOS PSICOSOCIALES,,,,,,,,,,,,,,,,
9116,9116,109,FUNDACION UNIVERSITARIA CLARETIANA - UNICLARETIANA,Activa,Institución Universitaria/Escuela Tecnológica,Privado,109.4,ESPECIALIZACIÓN EN MÉTODOS Y TÉCNICAS DE INVESTIGACIÓN EN CIENCIAS SOCIALES,,,,,,,,,,,,,,,,
9116,9116,109,FUNDACION UNIVERSITARIA CLARETIANA - UNICLARETIANA,Activa,Institución Universitaria/Escuela Tecnológica,Privado,109.6,ESPECIALIZACIÓN EN PERIODISMO DE PAZ,,,,,,,,,,,,,,,,
9116,9116,109,FUNDACION UNIVERSITARIA CLARETIANA - UNICLARETIANA,Activa,Institución Universitaria/Escuela Tecnológica,Privado,109.7,ESPECIALIZACION GERENCIA  FINANCIERA,,,,,,,,,,,,,,,,
9900,9900,110,CORPORACION UNIVERSITARIA U DE COLOMBIA,Activa,Institución Universitaria/Escuela Tecnológica,Privado,110.1,ESPECIALIZACIÓN EN DERECHO DE DAÑOS,,,,,,,,,,,,,,,,
9904,9904,111,FUNDACION UNIVERSITARIA COLOMBO GERMANA,Activa,Institución Universitaria/Escuela Tecnológica,Privado,111.1,ESPECIALIZACIÓN EN GERENCIA DE PROYECTOS,,,,,,,,,,,,,,,,
9904,9904,111,FUNDACION UNIVERSITARIA COLOMBO GERMANA,Activa,Institución Universitaria/Escuela Tecnológica,Privado,111.2,ESPECIALIZACIÓN EN GERENCIA EN SEGURIDAD Y SALUD PARA EL TRABAJO,,,,,,,,,,,,,,,,
9913,9913,112,CORPORACION UNIVERSITARIA DE ASTURIAS,Activa,Institución Universitaria/Escuela Tecnológica,Privado,112.1,ESPECIALIZACIÓN EN DIRECCIÓN DE EMPRESAS,,,,,,,,,,,,,,,,
9913,9913,112,CORPORACION UNIVERSITARIA DE ASTURIAS,Activa,Institución Universitaria/Escuela Tecnológica,Privado,112.2,ESPECIALIZACIÓN EN GERENCIA DE  PROYECTOS,,,,,,,,,,,,,,,,
9913,9913,112,CORPORACION UNIVERSITARIA DE ASTURIAS,Activa,Institución Universitaria/Escuela Tecnológica,Privado,112.6,ESPECIALIZACIÓN EN INTELIGENCIA DE NEGOCIOS,,,,,,,,,,,,,,,,
9915,9915,113,UNIVERSITARIA VIRTUAL INTERNACIONAL,Activa,Institución Universitaria/Escuela Tecnológica,Privado,113.1,ESPECIALIZACIÓN EN DESARROLLO DE NEGOCIOS DIGITALES,,,,,,,,,,,,,,,,
9926,9926,114,FUNDACION UNIVERSITARIA INTERNACIONAL DE LA RIOJA - UNIR,Activa,Institución Universitaria/Escuela Tecnológica,Privado,114.1,ESPECIALIZACIÓN EN ALTA GERENCIA,,,,,,,,,,,,,,,,
9926,9926,114,FUNDACION UNIVERSITARIA INTERNACIONAL DE LA RIOJA - UNIR,Activa,Institución Universitaria/Escuela Tecnológica,Privado,114.2,ESPECIALIZACIÓN EN DIRECCIÓN Y GESTIÓN DE PROYECTOS,,,,,,,,,,,,,,,,
9926,9926,114,FUNDACION UNIVERSITARIA INTERNACIONAL DE LA RIOJA - UNIR,Activa,Institución Universitaria/Escuela Tecnológica,Privado,114.3,ESPECIALIZACIÓN EN GESTIÓN DE LA SEGURIDAD Y SALUD EN EL TRABAJO,,,,,,,,,,,,,,,,
9926,9926,114,FUNDACION UNIVERSITARIA INTERNACIONAL DE LA RIOJA - UNIR,Activa,Institución Universitaria/Escuela Tecnológica,Privado,114.4,ESPECIALIZACIÓN EN GESTIÓN HUMANA,,,,,,,,,,,,,,,,
9926,9926,114,FUNDACION UNIVERSITARIA INTERNACIONAL DE LA RIOJA - UNIR,Activa,Institución Universitaria/Escuela Tecnológica,Privado,114.6,ESPECIALIZACIÓN EN NEUROPSICOLOGÍA Y EDUCACIÓN,,,,,,,,,,,,,,,,
9927,9927,115,INSTITUCION UNIVERSITARIA DIGITAL DE ANTIOQUIA -IU. DIGITAL,Activa,Institución Universitaria/Escuela Tecnológica,Oficial,115.1,ESPECIALIZACIÓN EN ANÁLITICA Y  BIG DATA,,,,,,,,,,,,,,,,
9927,9927,115,INSTITUCION UNIVERSITARIA DIGITAL DE ANTIOQUIA -IU. DIGITAL,Activa,Institución Universitaria/Escuela Tecnológica,Oficial,115.2,ESPECIALIZACIÓN EN FORMULACIÓN Y EVALUACIÓN DE PROYECTOS,,,,,,,,,,,,,,,,
9927,9927,115,INSTITUCION UNIVERSITARIA DIGITAL DE ANTIOQUIA -IU. DIGITAL,Activa,Institución Universitaria/Escuela Tecnológica,Oficial,115.3,ESPECIALIZACIÓN EN PROGRAMACIÓN APLICADA,,,,,,,,,,,,,,,,
3301,3301,116,INSTITUCION UNIVERSITARIA ANTONIO JOSE CAMACHO,Activa,Institución Universitaria/Escuela Tecnológica,Oficial,116.1,ESPECIALIZACIÓN EN GESTIÓN AMBIENTAL SOSTENIBLE,,,,,,,,,,,,,,,,
3301,3301,116,INSTITUCION UNIVERSITARIA ANTONIO JOSE CAMACHO,Activa,Institución Universitaria/Escuela Tecnológica,Oficial,116.2,ESPECIALIZACIÓN EN GESTIÓN DE CONTENIDOS DIGITALES,,,,,,,,,,,,,,,,
,,,,,,,,,,,,,,,,,,,,,,,,
,,,,,,,,,,,,,,,,3,,,,,,,,
