NOMBRE_INSTITUCIÓN,ESTADO_INSTITUCIÓN,CARÁCTER_ACADÉMICO,SECTOR,codigoprograma,NOMBRE_DEL_PROGRAMA,Checked,100,0.127694859038143
UNIVERSIDAD PEDAGOGICA NACIONAL,Activa,Universidad,Oficial,1-1,Especialización En Pedagogia,Ok,,
UNIVERSIDAD PEDAGOGICA NACIONAL,Activa,Universidad,Oficial,1-2,Maestría En Estudios Contemporáneos En Enseñanza De La Biología,Ok,,
UNIVERSIDAD PEDAGOGICA NACIONAL,Activa,Universidad,Oficial,1-3,Doctorado En Educación,Ok,,
UNIVERSIDAD PEDAGOGICA Y TECNOLOGICA DE COLOMBIA - UPTC,Activa,Universidad,Oficial,2-1,Especialización En Alta Gerencia De Empresas,Ok,,
UNIVERSIDAD PEDAGOGICA Y TECNOLOGICA DE COLOMBIA - UPTC,Activa,Universidad,Oficial,2-2,Especialización En Didáctica De La Matemática Para La Educación Básica,Ok,,
UNIVERSIDAD PEDAGOGICA Y TECNOLOGICA DE COLOMBIA - UPTC,Activa,Universidad,Oficial,2-3,Especialización En Gerencia De Empresas De Salud,Ok,,
UNIVERSIDAD PEDAGOGICA Y TECNOLOGICA DE COLOMBIA - UPTC,Activa,Universidad,Oficial,2-4,Especialización En Gestión De Integridad Y Corrosión,Ok,,
UNIVERSIDAD PEDAGOGICA Y TECNOLOGICA DE COLOMBIA - UPTC,Activa,Universidad,Oficial,2-5,Especialización En Pedagogía De La Lengua Castellana Y Literatura,Ok,,
UNIVERSIDAD PEDAGOGICA Y TECNOLOGICA DE COLOMBIA - UPTC,Activa,Universidad,Oficial,2-6,Maestría En Didáctica De La Matemática,Ok,,
UNIVERSIDAD PEDAGOGICA Y TECNOLOGICA DE COLOMBIA - UPTC,Activa,Universidad,Oficial,2-7,Maestría En Gestión De Integridad Y Corrosión,Ok,,
UNIVERSIDAD PEDAGOGICA Y TECNOLOGICA DE COLOMBIA - UPTC,Activa,Universidad,Oficial,2-8,Maestría en Agroindustria Alimentaria e Innovación,Ok,,
UNIVERSIDAD DEL CAUCA,Activa,Universidad,Oficial,3-1,Maestría En Educación Superior,Ok,,
UNIVERSIDAD DEL CAUCA,Activa,Universidad,Oficial,3-2,Doctorado En Ciencias De La Computación,Ok,,
UNIVERSIDAD DEL CAUCA,Activa,Universidad,Oficial,3-3,Especialización En Agroindustria,Ok,,
UNIVERSIDAD TECNOLOGICA DE PEREIRA - UTP,Activa,Universidad,Oficial,4-1,Especialización En Enseñanza De La Física,Ok,,
UNIVERSIDAD TECNOLOGICA DE PEREIRA - UTP,Activa,Universidad,Oficial,4-2,Especialización En Gestión Ambiental Local,Ok,,
UNIVERSIDAD TECNOLOGICA DE PEREIRA - UTP,Activa,Universidad,Oficial,4-3,Maestría En Educación,Ok,,
UNIVERSIDAD SURCOLOMBIANA,Activa,Universidad,Oficial,5-1,Maestria En Psicologia Ambiental,Ok,,
UNIVERSIDAD MILITAR-NUEVA GRANADA,Activa,Universidad,Oficial,6-1,Especialización En Alta Gerencia,Ok,,
UNIVERSIDAD DE LOS LLANOS,Activa,Universidad,Oficial,7-1,Especialización En Gestión De Proyectos,No,,
UNIVERSIDAD POPULAR DEL CESAR,Activa,Universidad,Oficial,8-1,Especialización En Pedagogía Ambiental,No,,
UNIVERSIDAD POPULAR DEL CESAR,Activa,Universidad,Oficial,8-2,Especialización En Tic Para El Diseño De Estrategias Didácticas En Educación,No,,
UNIVERSIDAD POPULAR DEL CESAR,Activa,Universidad,Oficial,8-3,Maestría En Educación Para El Desarrollo Sociocultural,No,,
UNIVERSIDAD POPULAR DEL CESAR,Activa,Universidad,Oficial,8-4,Maestría En Pedagogía Ambiental Para El Desarrollo Sostenible,No,,
UNIVERSIDAD DE ANTIOQUIA,Activa,Universidad,Oficial,9-1,Especialización En Evaluación Economica En Salud,Ok,,
UNIVERSIDAD DE ANTIOQUIA,Activa,Universidad,Oficial,9-2,Especialización En Extensión Rural,Ok,,
UNIVERSIDAD DE ANTIOQUIA,Activa,Universidad,Oficial,9-3,Especialización En Gestión Ambiental,No,,
UNIVERSIDAD DE ANTIOQUIA,Activa,Universidad,Oficial,9-4,Especialización En Gestion De Activos,Ok,,
UNIVERSIDAD DE ANTIOQUIA,Activa,Universidad,Oficial,9-5,Especializacion Tecnologica En Regencia De Farmacia,Ok,,
UNIVERSIDAD DE ANTIOQUIA,Activa,Universidad,Oficial,9-6,Maestría En Educación,Ok,,
UNIVERSIDAD DE ANTIOQUIA,Activa,Universidad,Oficial,9-7,Maestria En Enseñanza De Las Matematicas,Ok,,
UNIVERSIDAD DE ANTIOQUIA,Activa,Universidad,Oficial,9-8,Maestría En Gestión Ambiental,Ok,,
UNIVERSIDAD DE ANTIOQUIA,Activa,Universidad,Oficial,9-9,Maestria En Politicas Públicas Alimentarias Y Nutricionales,Ok,,
UNIVERSIDAD DE ANTIOQUIA,Activa,Universidad,Oficial,9-10,Maestría En Telesalud,Ok,,
UNIVERSIDAD DE ANTIOQUIA,Activa,Universidad,Oficial,9-11,Doctorado En Ingeniería,Ok,,
UNIVERSIDAD DE ANTIOQUIA,Activa,Universidad,Oficial,9-12,Doctorado En Física,Ok,,
UNIVERSIDAD DEL VALLE,Activa,Universidad,Oficial,11-2,Doctorado En Administración,Ok,,
UNIVERSIDAD DEL VALLE,Activa,Universidad,Oficial,11-3,Doctorado En Ciencias Quimica,Ok,,
UNIVERSIDAD DEL VALLE,Activa,Universidad,Oficial,11-4,Maestría En Economía Aplicada,Ok,,
UNIVERSIDAD DEL VALLE,Activa,Universidad,Oficial,11-5,Maestría En Estadística,Ok,,
UNIVERSIDAD DEL VALLE,Activa,Universidad,Oficial,11-6,Maestría En Psicología,Ok,,
UNIVERSIDAD INDUSTRIAL DE SANTANDER,Activa,Universidad,Oficial,12-1,Maestria En Informatica Para La Educacion,No,,
UNIVERSIDAD DE CARTAGENA,Activa,Universidad,Oficial,13-1,Especialización En Didáctica Y Tic,Ok,,
UNIVERSIDAD DE CARTAGENA,Activa,Universidad,Oficial,13-2,Maestria En Enfermería,Ok,,
UNIVERSIDAD DE CARTAGENA,Activa,Universidad,Oficial,13-3,Maestría En Recursos Digitales Aplicados A La Educación,Ok,,
UNIVERSIDAD DE NARIÑO,Activa,Universidad,Oficial,14-1,Maestría En Educación Virtual,Ok,,
UNIVERSIDAD DE NARIÑO,Activa,Universidad,Oficial,14-2,Maestría En Estadística Aplicada,Ok,,
UNIVERSIDAD DEL TOLIMA,Activa,Universidad,Oficial,15-1,Especialización En Educación Para La Diversidad En La Niñez,Ok,,
UNIVERSIDAD DEL TOLIMA,Activa,Universidad,Oficial,15-2,Especialización En Finanzas,Ok,,
UNIVERSIDAD DEL TOLIMA,Activa,Universidad,Oficial,15-3,Especializacion En Gerencia De Instituciones Educativas,Ok,,
UNIVERSIDAD DEL TOLIMA,Activa,Universidad,Oficial,15-4,Especializacion En Gerencia De Proyectos,,,
UNIVERSIDAD DEL TOLIMA,Activa,Universidad,Oficial,15-5,Maestría En Pedagogía De La Literatura,,,
UNIVERSIDAD DEL TOLIMA,Activa,Universidad,Oficial,15-6,Maestría En Pedagogía Y Mediaciones Tecnológicas,,,
UNIVERSIDAD DEL TOLIMA,Activa,Universidad,Oficial,15-7,Doctorado En Planificación Y Manejo Ambiental De Cuencas Hidrográficas,,,
UNIVERSIDAD FRANCISCO DE PAULA SANTANDER,Activa,Universidad,Oficial,16-1,"Especialización En Educación, Emprendimiento Y Economía Solidaria",,,
UNIVERSIDAD FRANCISCO DE PAULA SANTANDER,Activa,Universidad,Oficial,16-2,Maestria En Tecnologias De La Informacion Y La Comunicacion (Tic) Aplicadas A La Educacion,,,
UNIVERSIDAD FRANCISCO DE PAULA SANTANDER,Activa,Universidad,Oficial,16-4,Especialización En Sistemas De Gestión Integral Hseq,,,
UNIVERSIDAD DE PAMPLONA,Activa,Universidad,Oficial,17-1,Maestría En Administración,,,
UNIVERSIDAD DE PAMPLONA,Activa,Universidad,Oficial,17-2,Maestría En Ciencias Económicas Y Empresariales,,,
UNIVERSIDAD DE PAMPLONA,Activa,Universidad,Oficial,17-3,Maestría En Educación,,,
UNIVERSIDAD DEL MAGDALENA - UNIMAGDALENA,Activa,Universidad,Oficial,18-1,Especializacion En Docencia Universitaria,,,
UNIVERSIDAD DEL MAGDALENA - UNIMAGDALENA,Activa,Universidad,Oficial,18-2,Especializacion En Gestion Y Legislacion Ambiental,,,
UNIVERSIDAD DEL MAGDALENA - UNIMAGDALENA,Activa,Universidad,Oficial,18-3,Maestria En Argumentacion Juridica,,,
UNIVERSIDAD DEL MAGDALENA - UNIMAGDALENA,Activa,Universidad,Oficial,18-4,Maestría En Escrituras Audiovisuales,,,
UNIVERSIDAD DEL MAGDALENA - UNIMAGDALENA,Activa,Universidad,Oficial,18-5,Maestria En Produccion Audiovisual Creativa,,,
UNIVERSIDAD DE CUNDINAMARCA-UDEC,Activa,Universidad,Oficial,19-1,Especialización En Gestión De Sistemas De Información Gerencial.,,,
UNIVERSIDAD DISTRITAL-FRANCISCO JOSE DE CALDAS,Activa,Universidad,Oficial,20-1,Maestría En Educación En Tecnología,,,
UNIVERSIDAD DISTRITAL-FRANCISCO JOSE DE CALDAS,Activa,Universidad,Oficial,20-3,Maestría En Telecomunicaciones Móviles,,,
UNIVERSIDAD DISTRITAL-FRANCISCO JOSE DE CALDAS,Activa,Universidad,Oficial,20-4,Doctorado En Estudios Sociales,,,
PONTIFICIA UNIVERSIDAD JAVERIANA,Activa,Universidad,Privado,21-1,Especialización En Derecho Matrimonial Canónico,,,
PONTIFICIA UNIVERSIDAD JAVERIANA,Activa,Universidad,Privado,21-3,Especializacion En Liderazgo Para La Gestion Social,,,
PONTIFICIA UNIVERSIDAD JAVERIANA,Activa,Universidad,Privado,21-4,Maestria En Educacion Para La Innovacion Y Las Ciudadanias,,,
PONTIFICIA UNIVERSIDAD JAVERIANA,Activa,Universidad,Privado,21-5,Maestria En Estudios Criticos De Las Migraciones Contemporaneas,,,
PONTIFICIA UNIVERSIDAD JAVERIANA,Activa,Universidad,Privado,21-6,Maestría En Estudios Culturales Latinoamericanos,,,
PONTIFICIA UNIVERSIDAD JAVERIANA,Activa,Universidad,Privado,21-7,Especialización En Gestión De Las Artes Y La Cultura,,,
PONTIFICIA UNIVERSIDAD JAVERIANA,Activa,Universidad,Privado,21-8,Maestría En Asesoría Familiar,,,
PONTIFICIA UNIVERSIDAD JAVERIANA,Activa,Universidad,Privado,21-9,Maestría En Ciencia De Datos,,,
UNIVERSIDAD SANTO TOMAS,Activa,Universidad,Privado,22-1,Especialización En Defensa De Los Derechos Humanos,,,
UNIVERSIDAD SANTO TOMAS,Activa,Universidad,Privado,22-2,Especializacion En Gerencia De Empresas Agropecuarias,,,
UNIVERSIDAD SANTO TOMAS,Activa,Universidad,Privado,22-3,Especializacion En Gerencia De Instituciones De Seguridad Social En Salud,,,
UNIVERSIDAD SANTO TOMAS,Activa,Universidad,Privado,22-4,Especializacion En Gestion Integral De Cuencas Hidrograficas,,,
UNIVERSIDAD SANTO TOMAS,Activa,Universidad,Privado,22-5,Especializacion En Gestion Para El Desarrollo Empresarial,,,
UNIVERSIDAD SANTO TOMAS,Activa,Universidad,Privado,22-6,Especializacion En Patologia De La Construccion,,,
UNIVERSIDAD SANTO TOMAS,Activa,Universidad,Privado,22-7,Especialización En Pedagogía Para La Educación Superior,,,
UNIVERSIDAD SANTO TOMAS,Activa,Universidad,Privado,22-8,Maestría En Ambientes Bilingües De Aprendizaje,,,
UNIVERSIDAD SANTO TOMAS,Activa,Universidad,Privado,22-9,Maestría En Didáctica,,,
UNIVERSIDAD SANTO TOMAS,Activa,Universidad,Privado,22-10,Maestria En Educacion,,,
UNIVERSIDAD SANTO TOMAS,Activa,Universidad,Privado,22-11,Maestría En Gestión De Cuencas Hidrográficas,,,
UNIVERSIDAD SANTO TOMAS,Activa,Universidad,Privado,22-12,Maestría En Gestión Y Evaluación Educativa,,,
UNIVERSIDAD SANTO TOMAS,Activa,Universidad,Privado,22-13,Especialización En  Seguridad Y Salud En El Trabajo,,,
UNIVERSIDAD SANTO TOMAS,Activa,Universidad,Privado,22-14,Especializacion En Administracion Deportiva,,,
UNIVERSIDAD SANTO TOMAS,Activa,Universidad,Privado,22-15,Especializacion En Finanzas Publicas,,,
UNIVERSIDAD SANTO TOMAS,Activa,Universidad,Privado,22-16,Especializacion En Gerencia De La Internacionalizacion Empresarial,,,
UNIVERSIDAD SANTO TOMAS,Activa,Universidad,Privado,22-17,Especializacion En Interventoria Y Supervisión De La Construccion,,,
UNIVERSIDAD SANTO TOMAS,Activa,Universidad,Privado,22-19,Especialización En Negocios Globales E Innovación,,,
UNIVERSIDAD SANTO TOMAS,Activa,Universidad,Privado,22-2,Especializacion En Revisoria Fiscal Y Auditoria Externa,,,
UNIVERSIDAD SANTO TOMAS,Activa,Universidad,Privado,22-21,Especializacion En Seguridad Social,,,
UNIVERSIDAD SANTO TOMAS,Activa,Universidad,Privado,22-22,Maestría En Dirección Y Gestión De Proyectos,,,
UNIVERSIDAD SANTO TOMAS,Activa,Universidad,Privado,22-23,Doctorado En Derecho Público,,,
UNIVERSIDAD SANTO TOMAS,Activa,Universidad,Privado,22-24,Especialización En Gerencia Estratégica De Costos,,,
UNIVERSIDAD SANTO TOMAS,Activa,Universidad,Privado,22-25,Doctorado En Psicología,,,
UNIVERSIDAD EXTERNADO DE COLOMBIA,Activa,Universidad,Privado,23-2,Especialización En Sostenibilidad De Instituciones Culturales,,,
UNIVERSIDAD EXTERNADO DE COLOMBIA,Activa,Universidad,Privado,23-3,Maestría En Estudios Transdisciplinarios En Salud,,,
UNIVERSIDAD EXTERNADO DE COLOMBIA,Activa,Universidad,Privado,23-4,Maestría En Regulación Energética,,,
FUNDACION UNIVERSIDAD DE BOGOTA - JORGE TADEO LOZANO,Activa,Universidad,Privado,24-1,Especialización En Derecho Del Medio Ambiente,,,
UNIVERSIDAD CENTRAL,Activa,Universidad,Privado,25-1,Especialización En Publicidad Digital,,,
UNIVERSIDAD PONTIFICIA BOLIVARIANA,Activa,Universidad,Privado,26-1,Especializacion En Comunicación Y Periodismo Digital,,,
UNIVERSIDAD PONTIFICIA BOLIVARIANA,Activa,Universidad,Privado,26-2,Especialización En Estrategia Gerencial Y Prospectiva,,,
UNIVERSIDAD PONTIFICIA BOLIVARIANA,Activa,Universidad,Privado,26-3,Especialización En Gerencia,,,
UNIVERSIDAD PONTIFICIA BOLIVARIANA,Activa,Universidad,Privado,26-4,Especializacion En Gerencia Publica,,,
UNIVERSIDAD PONTIFICIA BOLIVARIANA,Activa,Universidad,Privado,26-5,Especialización Procesos Textiles De Alto Valor,,,
UNIVERSIDAD PONTIFICIA BOLIVARIANA,Activa,Universidad,Privado,26-6,Maestria En Ciencias Naturales Y Matemática,,,
UNIVERSIDAD PONTIFICIA BOLIVARIANA,Activa,Universidad,Privado,26-7,Maestria En Comunicacion Digital,,,
UNIVERSIDAD PONTIFICIA BOLIVARIANA,Activa,Universidad,Privado,26-8,Maestria En Educacion,,,
UNIVERSIDAD PONTIFICIA BOLIVARIANA,Activa,Universidad,Privado,26-9,Maestria En Educacion,,,
UNIVERSIDAD PONTIFICIA BOLIVARIANA,Activa,Universidad,Privado,26-10,Maestria En Educacion,,,
UNIVERSIDAD PONTIFICIA BOLIVARIANA,Activa,Universidad,Privado,26-11,Maestria En Gestion Estratégica De La Información Y El Conocimiento,,,
UNIVERSIDAD PONTIFICIA BOLIVARIANA,Activa,Universidad,Privado,26-12,Maestria En Literatura,,,
UNIVERSIDAD PONTIFICIA BOLIVARIANA,Activa,Universidad,Privado,26-13,Maestria En Procesos De Aprendizaje Y Enseñanza De Segundas Lenguas,,,
UNIVERSIDAD PONTIFICIA BOLIVARIANA,Activa,Universidad,Privado,26-14,Maestria En Psicopedagogia,,,
UNIVERSIDAD PONTIFICIA BOLIVARIANA,Activa,Universidad,Privado,26-15,Maestría En Sostenibilidad,,,
UNIVERSIDAD PONTIFICIA BOLIVARIANA,Activa,Universidad,Privado,26-16,Especialización En Gerencia De Tecnologías De Información,,,
UNIVERSIDAD PONTIFICIA BOLIVARIANA,Activa,Universidad,Privado,26-17,Especialización En Gestión De La Sostenibilidad,,,
UNIVERSIDAD PONTIFICIA BOLIVARIANA,Activa,Universidad,Privado,26-18,Especialización En Gestión De Proyectos,,,
UNIVERSIDAD PONTIFICIA BOLIVARIANA,Activa,Universidad,Privado,26-19,Especializacion En Gestion Estrategica De La Comunicacion,,,
UNIVERSIDAD PONTIFICIA BOLIVARIANA,Activa,Universidad,Privado,26-2,Especialización En Preservación Y Conservación De Los Recursos Naturales,,,
UNIVERSIDAD PONTIFICIA BOLIVARIANA,Activa,Universidad,Privado,26-21,Especialización En Seguridad Informatica,,,
UNIVERSIDAD PONTIFICIA BOLIVARIANA,Activa,Universidad,Privado,26-27,Maestría En Innovación Social Y Territorio,,,
UNIVERSIDAD DE LA SABANA,Activa,Universidad,Privado,27-1,Especialización En Gerencia Comercial,,,
UNIVERSIDAD DE LA SABANA,Activa,Universidad,Privado,27-2,Especialización En Gerencia Estratégica,,,
UNIVERSIDAD DE LA SABANA,Activa,Universidad,Privado,27-3,Especialización En Gestión Para El Desarrollo Humano En La Organización,,,
UNIVERSIDAD DE LA SABANA,Activa,Universidad,Privado,27-4,Especializacion En Pedagogia E Investigacion En El Aula,,,
UNIVERSIDAD DE LA SABANA,Activa,Universidad,Privado,27-5,Maestría En Asesoría Familiar Y Gestión De Programas Para La Familia,,,
UNIVERSIDAD DE LA SABANA,Activa,Universidad,Privado,27-6,Maestría En Didáctica Del Inglés Para El Aprendizaje Autodirigido,,,
UNIVERSIDAD DE LA SABANA,Activa,Universidad,Privado,27-7,Maestría En Enfermeria,,,
UNIVERSIDAD EAFIT-,Activa,Universidad,Privado,28-1,Especialización En Gerencia Del Desarrollo Humano,,,
UNIVERSIDAD EAFIT-,Activa,Universidad,Privado,28-2,Maestría En Desarrollo Humano Organizacional,,,
UNIVERSIDAD EAFIT-,Activa,Universidad,Privado,28-3,Maestría En Gerencia De Empresas Sociales Para La Innovación Social Y El Desarrollo Local,,,
UNIVERSIDAD EAFIT-,Activa,Universidad,Privado,28-4,Maestría En Gerencia De La Innovación Y El Conocimiento,,,
UNIVERSIDAD EAFIT-,Activa,Universidad,Privado,28-5,Maestría En Lectura Y Escritura,,,
UNIVERSIDAD DEL NORTE,Activa,Universidad,Privado,29-1,Maestría En Educación Mediada Por Tic,,,
UNIVERSIDAD DEL NORTE,Activa,Universidad,Privado,29-2,Maestría En Pedagogía Social E Intervención Educativa En Contextos Sociales,,,
COLEGIO MAYOR DE NUESTRA SEÑORA DEL ROSARIO,Activa,Universidad,Privado,30-1,Especialización En Educación Para La Paz Y Formación Ciudadana,,,
COLEGIO MAYOR DE NUESTRA SEÑORA DEL ROSARIO,Activa,Universidad,Privado,30-2,Especialización En Educación Para Profesionales De La Salud,,,
COLEGIO MAYOR DE NUESTRA SEÑORA DEL ROSARIO,Activa,Universidad,Privado,30-3,Especialización En Gerencia Integral De Servicios De Salud,,,
COLEGIO MAYOR DE NUESTRA SEÑORA DEL ROSARIO,Activa,Universidad,Privado,30-4,Especialización En Gerencia Y Gestión Cultural,,,
COLEGIO MAYOR DE NUESTRA SEÑORA DEL ROSARIO,Activa,Universidad,Privado,30-5,Especialización En Gobernanza Y Desarrollo Territorial,,,
COLEGIO MAYOR DE NUESTRA SEÑORA DEL ROSARIO,Activa,Universidad,Privado,30-6,Especialización En Innovación Pedagógica,,,
COLEGIO MAYOR DE NUESTRA SEÑORA DEL ROSARIO,Activa,Universidad,Privado,30-7,Maestría En Educación Para Profesionales De La Salud,,,
FUNDACION UNIVERSIDAD DE AMERICA,Activa,Universidad,Privado,31-1,Especializacion En Gerencia De La Calidad,,,
UNIVERSIDAD DE SAN BUENAVENTURA,Activa,Universidad,Privado,32-1,Especialización En Derecho Procesal,,,
UNIVERSIDAD DE SAN BUENAVENTURA,Activa,Universidad,Privado,32-2,Especialización En Desarrollo Territorial Y Gestión Pública,,,
UNIVERSIDAD DE SAN BUENAVENTURA,Activa,Universidad,Privado,32-3,Especialización En Gerencia De Negocios Internacionales,,,
UNIVERSIDAD DE SAN BUENAVENTURA,Activa,Universidad,Privado,32-4,Especialización En Gestión De Proyectos Multimediales Para La Educación,,,
UNIVERSIDAD DE SAN BUENAVENTURA,Activa,Universidad,Privado,32-5,Especialización En Gerencia Educativa,,,
UNIVERSIDAD DE SAN BUENAVENTURA,Activa,Universidad,Privado,32-6,Especialización En Psicología De Las Organizaciones Y Del Trabajo,,,
UNIVERSIDAD DE SAN BUENAVENTURA,Activa,Universidad,Privado,32-7,Especialización En Docencia Mediada Por Las Tic,,,
UNIVERSIDAD DE SAN BUENAVENTURA,Activa,Universidad,Privado,32-8,Maestría En Docencia Mediada Con Las Tic,,,
UNIVERSIDAD DE SAN BUENAVENTURA,Activa,Universidad,Privado,32-9,Maestria En Ciencias De La Educación,,,
UNIVERSIDAD CATOLICA DE COLOMBIA,Activa,Universidad,Privado,33-1,Especialización En Sistema Penal Acusatorio,,,
UNIVERSIDAD MARIANA,Activa,Universidad,Privado,34-1,Especialización En Familia,,,
UNIVERSIDAD DE MANIZALES,Activa,Universidad,Privado,35-1,Especializacion En Gerencia De Mercadeo Y Ventas,,,
UNIVERSIDAD DE MANIZALES,Activa,Universidad,Privado,35-2,Especialización En Sistemas Integrados Gestión,,,
UNIVERSIDAD DE MANIZALES,Activa,Universidad,Privado,35-3,Maestria  En Desarrollo Sostenible Y Medio Ambiente,,,
UNIVERSIDAD DE MANIZALES,Activa,Universidad,Privado,35-4,Maestría En Educación,,,
UNIVERSIDAD DE MANIZALES,Activa,Universidad,Privado,35-5,Maestría En Educación Desde La Diversidad,,,
UNIVERSIDAD DE MANIZALES,Activa,Universidad,Privado,35-6,Maestría En Finanzas,,,
UNIVERSIDAD DE MANIZALES,Activa,Universidad,Privado,35-7,Maestria En Mercadeo,,,
UNIVERSIDAD CATOLICA DE ORIENTE -UCO,Activa,Universidad,Privado,36-1,Maestria En Educacion,,,
UNIVERSIDAD SERGIO ARBOLEDA,Activa,Universidad,Privado,37-1,Maestria En Didactica Digital,,,
UNIVERSIDAD SERGIO ARBOLEDA,Activa,Universidad,Privado,37-2,Maestría En Gerencia Educativa E Innovación Tecnológica,,,
UNIVERSIDAD SERGIO ARBOLEDA,Activa,Universidad,Privado,37-3,Maestría En Innovación En Derecho Digital Y Legal-Tech,,,
UNIVERSIDAD EL BOSQUE,Activa,Universidad,Privado,38-1,Especialización En Bioética,,,
UNIVERSIDAD EL BOSQUE,Activa,Universidad,Privado,38-2,Especialización En Seguridad Del Paciente,,,
UNIVERSIDAD EL BOSQUE,Activa,Universidad,Privado,38-3,Maestría En Educación Inclusiva E Intercultural,,,
UNIVERSIDAD EL BOSQUE,Activa,Universidad,Privado,38-4,Maestría En Gerencia Organizacional De Proyectos,,,
UNIVERSIDAD EL BOSQUE,Activa,Universidad,Privado,38-5,Maestría En Gobernanza En Áreas Protegidas Y Gestión Del Recurso Biológico,,,
UNIVERSIDAD EL BOSQUE,Activa,Universidad,Privado,38-6,Maestría En Innovación Y Tecnologías Para La Educación,,,
UNIVERSIDAD DE BOYACA UNIBOYACA,Activa,Universidad,Privado,39-1,Especialización En Gerencia Turística,,,
UNIVERSIDAD DE BOYACA UNIBOYACA,Activa,Universidad,Privado,39-2,Especialización En Gestión Del Patrimonio Cultural,,,
UNIVERSIDAD DE BOYACA UNIBOYACA,Activa,Universidad,Privado,39-3,Especialización En Seguridad Y Salud En El Trabajo,,,
UNIVERSIDAD MANUELA BELTRAN-UMB-,Activa,Universidad,Privado,40-1,Especialización En Evaluación Ambiental De Proyectos,,,
UNIVERSIDAD MANUELA BELTRAN-UMB-,Activa,Universidad,Privado,40-2,Especializacion En Gerencia Del Talento Humano,,,
UNIVERSIDAD MANUELA BELTRAN-UMB-,Activa,Universidad,Privado,40-3,Especializacion En Gestión De La Investigación,,,
UNIVERSIDAD MANUELA BELTRAN-UMB-,Activa,Universidad,Privado,40-4,Especialización En Gestión De Tic,,,
UNIVERSIDAD MANUELA BELTRAN-UMB-,Activa,Universidad,Privado,40-5,Especialización En Marketing Digital,,,
UNIVERSIDAD MANUELA BELTRAN-UMB-,Activa,Universidad,Privado,40-6,Especialización En Nuevas Tecnología En Educación,,,
UNIVERSIDAD MANUELA BELTRAN-UMB-,Activa,Universidad,Privado,40-7,Especialización En Seguridad Y Salud En El Trabajo,,,
UNIVERSIDAD MANUELA BELTRAN-UMB-,Activa,Universidad,Privado,40-8,Especialización En Sistemas Interactivos Digitales,,,
UNIVERSIDAD MANUELA BELTRAN-UMB-,Activa,Universidad,Privado,40-9,Especialización En Telemática,,,
UNIVERSIDAD MANUELA BELTRAN-UMB-,Activa,Universidad,Privado,40-10,Especialización Técnica Profesional En Mecánica De Vehículos De Transporte De Carga Pesada,,,
UNIVERSIDAD MANUELA BELTRAN-UMB-,Activa,Universidad,Privado,40-11,Especialización Tecnológica En Automatización Industrial,,,
UNIVERSIDAD MANUELA BELTRAN-UMB-,Activa,Universidad,Privado,40-12,Maestría En  Gerencia  Estratégica Del Talento Humano,,,
UNIVERSIDAD MANUELA BELTRAN-UMB-,Activa,Universidad,Privado,40-13,Maestría En Administración Educativa,,,
UNIVERSIDAD MANUELA BELTRAN-UMB-,Activa,Universidad,Privado,40-14,Maestría En Enseñanza De Las Ciencias Básicas Mediada Por Las Tic,,,
UNIVERSIDAD MANUELA BELTRAN-UMB-,Activa,Universidad,Privado,40-15,Maestría En Integración De Tic En Las Organizaciones,,,
UNIVERSIDAD MANUELA BELTRAN-UMB-,Activa,Universidad,Privado,40-16,Maestria En Tecnologias Digitales Aplicadas A La Educacion,,,
UNIVERSIDAD MANUELA BELTRAN-UMB-,Activa,Universidad,Privado,40-17,Maestría En Transmedia,,,
UNIVERSIDAD LA GRAN COLOMBIA,Activa,Universidad,Privado,41-1,Especialización En Contratación Estatal,,,
UNIVERSIDAD DE LA SALLE,Activa,Universidad,Privado,42-1,Doctorado En Administración De Empresas - Dba,,,
UNIVERSIDAD DE LA SALLE,Activa,Universidad,Privado,42-2,Especialización En Nutrición De Animales De Compañía,,,
UNIVERSIDAD DE LA SALLE,Activa,Universidad,Privado,42-3,Especialización En Sistemas De Calidad E Inocuidad En Alimentos,,,
UNIVERSIDAD DE LA SALLE,Activa,Universidad,Privado,42-4,Maestría En Ciencias - Biología,,,
UNIVERSIDAD DE LA SALLE,Activa,Universidad,Privado,42-5,Maestría En Didáctica De Las Lenguas,,,
UNIVERSIDAD DE LA SALLE,Activa,Universidad,Privado,42-6,Maestría En Diseño Y Gestión De Escenarios Virtuales De Aprendizaje,,,
UNIVERSIDAD DE LA SALLE,Activa,Universidad,Privado,42-7,Maestría En Finanzas,,,
UNIVERSIDAD DE LA SALLE,Activa,Universidad,Privado,42-8,Maestría En Gestion De La Información Documental,,,
UNIVERSIDAD DE LA SALLE,Activa,Universidad,Privado,42-9,Maestría En Planificación Y Gestión Del Territorio,,,
UNIVERSIDAD AUTONOMA DEL CARIBE- UNIAUTONOMA,Activa,Universidad,Privado,43-1,Especialización En Mercadeo,,,
UNIVERSIDAD AUTONOMA DEL CARIBE- UNIAUTONOMA,Activa,Universidad,Privado,43-1,Especializacion En Seguridad Y Salud En El Trabajo,,,
UNIVERSIDAD AUTONOMA DEL CARIBE- UNIAUTONOMA,Activa,Universidad,Privado,43-2,Maestría En Educación,,,
UNIVERSIDAD AUTONOMA DEL CARIBE- UNIAUTONOMA,Activa,Universidad,Privado,43-3,Maestría En Finanzas,,,
UNIVERSIDAD AUTONOMA DEL CARIBE- UNIAUTONOMA,Activa,Universidad,Privado,43-4,Maestría En Gestión De La Calidad En Servicios De Salud,,,
UNIVERSIDAD SANTIAGO DE CALI,Activa,Universidad,Privado,44-2,Especialización En Derecho Administrativo,,,
UNIVERSIDAD SANTIAGO DE CALI,Activa,Universidad,Privado,44-3,Especialización En Derecho De Familia,,,
UNIVERSIDAD SANTIAGO DE CALI,Activa,Universidad,Privado,44-4,Especializacion En Gerencia Ambiental Y Desarrollo Sostenible Empresarial,,,
UNIVERSIDAD SANTIAGO DE CALI,Activa,Universidad,Privado,44-5,Especialización En Gerencia Logística Integral,,,
UNIVERSIDAD SANTIAGO DE CALI,Activa,Universidad,Privado,44-6,Especialización En Marketing Digital,,,
UNIVERSIDAD SANTIAGO DE CALI,Activa,Universidad,Privado,44-7,Maestría En Educación,,,
UNIVERSIDAD LIBRE,Activa,Universidad,Privado,45-1,Especializacion En Alta Gerencia En Turismo De Salud,,,
UNIVERSIDAD DE MEDELLIN,Activa,Universidad,Privado,46-1,Especialización En Comunicación Estratégica Para La Web,,,
UNIVERSIDAD DE MEDELLIN,Activa,Universidad,Privado,46-2,Especialización En Contratación Estatal,,,
UNIVERSIDAD DE MEDELLIN,Activa,Universidad,Privado,46-4,Especialización En Gestión Ambiental Y Producción Más Limpia,,,
UNIVERSIDAD DE MEDELLIN,Activa,Universidad,Privado,46-5,Especialización En Mercadeo Gerencial,,,
UNIVERSIDAD DE MEDELLIN,Activa,Universidad,Privado,46-6,Especialización En Responsabilidad Social Y Sostenibilidad,,,
UNIVERSIDAD DE MEDELLIN,Activa,Universidad,Privado,46-7,Especilizacion En Derecho Probatorio Penal,,,
UNIVERSIDAD DE MEDELLIN,Activa,Universidad,Privado,46-8,Maestría En Comunicación De Marca,,,
UNIVERSIDAD DE MEDELLIN,Activa,Universidad,Privado,46-9,Maestría En Contratación Estatal,,,
UNIVERSIDAD DE MEDELLIN,Activa,Universidad,Privado,46-10,Maestría En Educación,,,
UNIVERSIDAD DE LOS ANDES,Activa,Universidad,Privado,47-1,Especializacion En Educacion Matematica Para Profesores De Primaria,,,
UNIVERSIDAD DE LOS ANDES,Activa,Universidad,Privado,47-2,Especializacion En Educacion Matematica Para Profesores De Secundaria Y Media,,,
UNIVERSIDAD DE LOS ANDES,Activa,Universidad,Privado,47-3,Maestría En Administración (Mba),,,
UNIVERSIDAD DE LOS ANDES,Activa,Universidad,Privado,47-4,Maestría En Educación Matemática,,,
UNIVERSIDAD DE LOS ANDES,Activa,Universidad,Privado,47-5,Maestría En Ingeniería De Software,,,
UNIVERSIDAD DE LOS ANDES,Activa,Universidad,Privado,47-6,Maestria En Inteligencia Analitica De Datos,,,
UNIVERSIDAD DE LOS ANDES,Activa,Universidad,Privado,47-7,Maestría En Regeneración Y Desarrollo Sostenible,,,
UNIVERSIDAD DE LOS ANDES,Activa,Universidad,Privado,47-8,Maestría En Tributación,,,
UNIVERSIDAD DE LOS ANDES,Activa,Universidad,Privado,47-9,Doctorado En Administración,,,
UNIVERSIDAD DE LOS ANDES,Activa,Universidad,Privado,47-10,Doctorado En Educación,,,
CORPORACION UNIVERSIDAD PILOTO DE COLOMBIA,Activa,Universidad,Privado,49-1,Especialización  En Docencia Universitaria,,,
CORPORACION UNIVERSIDAD PILOTO DE COLOMBIA,Activa,Universidad,Privado,49-2,Especializacion En Gerencia De Proyectos,,,
UNIVERSIDAD COOPERATIVA DE COLOMBIA,Activa,Universidad,Privado,50-1,Maestría  En Gestión De Tecnologías De La Información,,,
UNIVERSIDAD COOPERATIVA DE COLOMBIA,Activa,Universidad,Privado,50-3,Especializacion En Gerencia De Impuestos,,,
UNIVERSIDAD COOPERATIVA DE COLOMBIA,Activa,Universidad,Privado,50-4,Maestria En Educacion,,,
UNIVERSIDAD COOPERATIVA DE COLOMBIA,Activa,Universidad,Privado,50-5,Maestría En Proyectos Para El  Desarrollo Integral De  Niños Y Adolescentes,,,
UNIVERSIDAD AUTONOMA DE BUCARAMANGA-UNAB-,Activa,Universidad,Privado,51-1,Especializacion En Aseguramiento De La Calidad En Instituciones Educativas,,,
UNIVERSIDAD AUTONOMA DE BUCARAMANGA-UNAB-,Activa,Universidad,Privado,51-2,Especialización En Comunicación Digital Y Medios Interactivos,,,
UNIVERSIDAD AUTONOMA DE BUCARAMANGA-UNAB-,Activa,Universidad,Privado,51-3,Especialización En Epidemiología,,,
UNIVERSIDAD AUTONOMA DE BUCARAMANGA-UNAB-,Activa,Universidad,Privado,51-4,Especializacion En Gestion Estrategica De Mercadeo,,,
UNIVERSIDAD AUTONOMA DE BUCARAMANGA-UNAB-,Activa,Universidad,Privado,51-5,Especializacion En Gestion Humana,,,
UNIVERSIDAD AUTONOMA DE BUCARAMANGA-UNAB-,Activa,Universidad,Privado,51-6,Especialización En Producción Y Gestión De Proyectos Audiovisuales,,,
UNIVERSIDAD AUTONOMA DE BUCARAMANGA-UNAB-,Activa,Universidad,Privado,51-7,Especializacion En Seguridad Y Salud En El Trabajo,,,
UNIVERSIDAD AUTONOMA DE BUCARAMANGA-UNAB-,Activa,Universidad,Privado,51-8,Especialización Tecnológica En Farmacovigilancia Y Tecnovigilancia,,,
UNIVERSIDAD AUTONOMA DE BUCARAMANGA-UNAB-,Activa,Universidad,Privado,51-1,Maestria En E-Learning,,,
UNIVERSIDAD AUTONOMA DE BUCARAMANGA-UNAB-,Activa,Universidad,Privado,51-11,Maestria En Gerencia Educativa,,,
UNIVERSIDAD AUTONOMA DE BUCARAMANGA-UNAB-,Activa,Universidad,Privado,51-12,Maestria En Software Libre,,,
UNIVERSIDAD AUTONOMA DE MANIZALES,Activa,Universidad,Privado,52-1,Especialización En Auditoria En Salud,,,
UNIVERSIDAD AUTONOMA DE MANIZALES,Activa,Universidad,Privado,52-2,Especialización En Salud Pública,,,
UNIVERSIDAD AUTONOMA DE MANIZALES,Activa,Universidad,Privado,52-3,Maestria En Discapacidad,,,
UNIVERSIDAD AUTONOMA DE MANIZALES,Activa,Universidad,Privado,52-4,Maestría En Diseño De Ambientes De Aprendizaje Innovadores,,,
UNIVERSIDAD AUTONOMA DE MANIZALES,Activa,Universidad,Privado,52-5,Maestría En Enseñanza De Las Ciencias,,,
UNIVERSIDAD ANTONIO NARIÑO,Activa,Universidad,Privado,53-1,Especializacion En Administracion Publica,,,
UNIVERSIDAD ANTONIO NARIÑO,Activa,Universidad,Privado,53-2,Especializacion En Auditoria De Sistemas,,,
UNIVERSIDAD ANTONIO NARIÑO,Activa,Universidad,Privado,53-4,Especializacion En Desarrollo Del Potencial Humano En La Organización,,,
UNIVERSIDAD ANTONIO NARIÑO,Activa,Universidad,Privado,53-5,Especializacion En Gestión Financiera,,,
UNIVERSIDAD ANTONIO NARIÑO,Activa,Universidad,Privado,53-6,Maestria En Economia De La Salud,,,
UNIVERSIDAD ANTONIO NARIÑO,Activa,Universidad,Privado,53-7,Maestria En Economia Internacional,,,
UNIVERSIDAD ANTONIO NARIÑO,Activa,Universidad,Privado,53-8,Maestria En Gerencia Financiera Y Tributaria,,,
UNIVERSIDAD ANTONIO NARIÑO,Activa,Universidad,Privado,53-9,Maestria En Mediacion Familiar,,,
UNIVERSIDAD CATOLICA DE MANIZALES,Activa,Universidad,Privado,54-1,Especializacion En Administracion De La Salud,,,
UNIVERSIDAD CATOLICA DE MANIZALES,Activa,Universidad,Privado,54-2,Especialización En Estadística Aplicada,,,
UNIVERSIDAD CATOLICA DE MANIZALES,Activa,Universidad,Privado,54-3,Especializacion En Evaluacion Pedagogica,,,
UNIVERSIDAD CATOLICA DE MANIZALES,Activa,Universidad,Privado,54-4,Especialización En Gerencia De La Calidad,,,
UNIVERSIDAD CATOLICA DE MANIZALES,Activa,Universidad,Privado,54-5,Especializacion En Gerencia Educativa,,,
UNIVERSIDAD CATOLICA DE MANIZALES,Activa,Universidad,Privado,54-6,Especialización En Seguridad Y Salud En El Trabajo,,,
UNIVERSIDAD CATOLICA DE MANIZALES,Activa,Universidad,Privado,54-7,Maestria En Pedagogia,,,
UNIVERSIDAD CATOLICA DE MANIZALES,Activa,Universidad,Privado,54-8,Maestría En Sistemas Integrados De Gestión,,,
UNIVERSIDAD ICESI,Activa,Universidad,Privado,55-1,Especialización En Desarrollo Infantil Y Eduación Inicial,,,
UNIVERSIDAD ICESI,Activa,Universidad,Privado,55-2,Especialización En Docencia Universitaria,,,
UNIVERSIDAD ICESI,Activa,Universidad,Privado,55-3,Maestría En Administración,,,
UNIVERSIDAD ICESI,Activa,Universidad,Privado,55-4,Maestría En Atención Integral A La Primera Infancia,,,
UNIVERSIDAD ICESI,Activa,Universidad,Privado,55-5,Maestría En Creación De Empresas,,,
UNIVERSIDAD ICESI,Activa,Universidad,Privado,55-7,Maestría En Educación,,,
UNIVERSIDAD ICESI,Activa,Universidad,Privado,55-8,Maestría En Educación Mediada Por Las Tic,,,
UNIVERSIDAD ICESI,Activa,Universidad,Privado,55-9,Maestría En Enseñanza De Inglés Como Lengua Extranjera,,,
UNIVERSIDAD ICESI,Activa,Universidad,Privado,55-10,Maestría En Estrategia Digital De Negocios,,,
UNIVERSIDAD ICESI,Activa,Universidad,Privado,55-11,Maestría En Gestión Del Talento Humano,,,
UNIVERSIDAD ICESI,Activa,Universidad,Privado,55-12,Maestria En Innovacion Educativa,,,
UNIVERSIDAD AUTONOMA DE OCCIDENTE,Activa,Universidad,Privado,56-2,Especialización En Ciberseguridad,,,
UNIVERSIDAD AUTONOMA DE OCCIDENTE,Activa,Universidad,Privado,56-3,Especialización En Comunicación Estratégica,,,
UNIVERSIDAD AUTONOMA DE OCCIDENTE,Activa,Universidad,Privado,56-4,Especialización En Comunicación Estratégica,,,
UNIVERSIDAD AUTONOMA DE OCCIDENTE,Activa,Universidad,Privado,56-5,Especialización En Comunicación Y Periodismo Digital,,,
UNIVERSIDAD AUTONOMA DE OCCIDENTE,Activa,Universidad,Privado,56-6,Especialización En Derechos Humanos Y Territorios,,,
UNIVERSIDAD AUTONOMA DE OCCIDENTE,Activa,Universidad,Privado,56-7,Especialización En Diseño Publicitario En Contenidos Digitales,,,
UNIVERSIDAD AUTONOMA DE OCCIDENTE,Activa,Universidad,Privado,56-8,Especializacion En Eficiencia Energetica,,,
UNIVERSIDAD AUTONOMA DE OCCIDENTE,Activa,Universidad,Privado,56-10,Especialización En Escritura Creativa En Nuevos Medios,,,
UNIVERSIDAD AUTONOMA DE OCCIDENTE,Activa,Universidad,Privado,56-11,Especialización En Estrategias De Comunicación Transmedia,,,
UNIVERSIDAD AUTONOMA DE OCCIDENTE,Activa,Universidad,Privado,56-13,Especializacion En Finanzas,,,
UNIVERSIDAD AUTONOMA DE OCCIDENTE,Activa,Universidad,Privado,56-14,Especialización En Gerencia De Negocios Digitales,,,
UNIVERSIDAD AUTONOMA DE OCCIDENTE,Activa,Universidad,Privado,56-15,Especialización En Gerencia De Productividad E Innovación,,,
UNIVERSIDAD AUTONOMA DE OCCIDENTE,Activa,Universidad,Privado,56-16,Especializacion En Gestion Ambiental,,,
UNIVERSIDAD AUTONOMA DE OCCIDENTE,Activa,Universidad,Privado,56-16,Especialización En Gestión Ambiental De Zonas Costeras,,,
UNIVERSIDAD AUTONOMA DE OCCIDENTE,Activa,Universidad,Privado,56-17,Especialización En Innovación Educativa Y Tecnologías,,,
UNIVERSIDAD AUTONOMA DE OCCIDENTE,Activa,Universidad,Privado,56-19,Especialización En Inteligencia De Negocios Con Énfasis En Big Data,,,
UNIVERSIDAD AUTONOMA DE OCCIDENTE,Activa,Universidad,Privado,56-2,Especialización En Interculturalidad Y Estudios De Género,,,
UNIVERSIDAD AUTONOMA DE OCCIDENTE,Activa,Universidad,Privado,56-21,Especialización En Logística,,,
UNIVERSIDAD AUTONOMA DE OCCIDENTE,Activa,Universidad,Privado,56-22,Especializacion En Mercadeo,,,
UNIVERSIDAD AUTONOMA DE OCCIDENTE,Activa,Universidad,Privado,56-23,Especialización En Periodismo Deportivo,,,
UNIVERSIDAD AUTONOMA DE OCCIDENTE,Activa,Universidad,Privado,56-24,Especialización En Seguridad Y Salud En El Trabajo,,,
UNIVERSIDAD AUTONOMA DE OCCIDENTE,Activa,Universidad,Privado,56-25,Maestría En Estudios Culturales,,,
UNIVERSIDAD AUTONOMA DE OCCIDENTE,Activa,Universidad,Privado,56-26,Maestría En Gestión Ambiental Y Desarrollo Sostenible,,,
UNIVERSIDAD DE CIENCIAS APLICADAS Y AMBIENTALES - UDCA,Activa,Universidad,Privado,57-1,Especializacion  En Sanidad Animal,,,
UNIVERSIDAD DE CIENCIAS APLICADAS Y AMBIENTALES - UDCA,Activa,Universidad,Privado,57-2,Especializacion En Laboratorio Clinico Veterinario,,,
UNIVERSIDAD DE CIENCIAS APLICADAS Y AMBIENTALES - UDCA,Activa,Universidad,Privado,57-3,Especializacion En Nutricion Animal Aplicada,,,
UNIVERSIDAD DE CIENCIAS APLICADAS Y AMBIENTALES - UDCA,Activa,Universidad,Privado,57-4,Especializacion En Produccion Animal,,,
UNIVERSIDAD NACIONAL ABIERTA Y A DISTANCIA UNAD,Activa,Universidad,Oficial,58-1,Especializacion En Biotecnologia Agraria,,,
UNIVERSIDAD NACIONAL ABIERTA Y A DISTANCIA UNAD,Activa,Universidad,Oficial,58-2,Especializacion En Biotecnologia Agroambiental,,,
UNIVERSIDAD NACIONAL ABIERTA Y A DISTANCIA UNAD,Activa,Universidad,Oficial,58-2,"Especialización En Educación, Cultura Y Politica",,,
UNIVERSIDAD NACIONAL ABIERTA Y A DISTANCIA UNAD,Activa,Universidad,Oficial,58-3,Especializacion En Educacion Superior A Distancia,,,
UNIVERSIDAD NACIONAL ABIERTA Y A DISTANCIA UNAD,Activa,Universidad,Oficial,58-4,Especialización En Finanzas Corporativas,,,
UNIVERSIDAD NACIONAL ABIERTA Y A DISTANCIA UNAD,Activa,Universidad,Oficial,58-5,Especialización En Gerencia De Procesos Logísticos En Redes De Valor,,,
UNIVERSIDAD NACIONAL ABIERTA Y A DISTANCIA UNAD,Activa,Universidad,Oficial,58-6,Especializacion En Gerencia Estrategica De Mercadeo,,,
UNIVERSIDAD NACIONAL ABIERTA Y A DISTANCIA UNAD,Activa,Universidad,Oficial,58-7,Especialización En Gestión De Proyectos,,,
UNIVERSIDAD NACIONAL ABIERTA Y A DISTANCIA UNAD,Activa,Universidad,Oficial,58-8,Especialización En Gestión Pública,,,
UNIVERSIDAD NACIONAL ABIERTA Y A DISTANCIA UNAD,Activa,Universidad,Oficial,58-9,Especializacion En Nutricion Animal Sostenible,,,
UNIVERSIDAD NACIONAL ABIERTA Y A DISTANCIA UNAD,Activa,Universidad,Oficial,58-10,Especializacion En Pedagogia Para El Desarrollo Del Aprendizaje Autonomo,,,
UNIVERSIDAD NACIONAL ABIERTA Y A DISTANCIA UNAD,Activa,Universidad,Oficial,58-11,Especialización En Procesos De Alimentos Y Biomateriales,,,
UNIVERSIDAD NACIONAL ABIERTA Y A DISTANCIA UNAD,Activa,Universidad,Oficial,58-14,Especialización En Seguridad Informática,,,
UNIVERSIDAD NACIONAL ABIERTA Y A DISTANCIA UNAD,Activa,Universidad,Oficial,58-15,Maestria En Administración De Organizaciones,,,
UNIVERSIDAD NACIONAL ABIERTA Y A DISTANCIA UNAD,Activa,Universidad,Oficial,58-16,Maestría En Agronegocios,,,
UNIVERSIDAD NACIONAL ABIERTA Y A DISTANCIA UNAD,Activa,Universidad,Oficial,58-17,Maestría En Biotecnología Alimentaria,,,
UNIVERSIDAD NACIONAL ABIERTA Y A DISTANCIA UNAD,Activa,Universidad,Oficial,58-18,Maestría En Comunicación,,,
UNIVERSIDAD NACIONAL ABIERTA Y A DISTANCIA UNAD,Activa,Universidad,Oficial,58-19,"Maestría En Desarrollo Alternativo, Sostenible Y Solidario",,,
UNIVERSIDAD NACIONAL ABIERTA Y A DISTANCIA UNAD,Activa,Universidad,Oficial,58-20,Maestría En Desarrollo Rural,,,
UNIVERSIDAD NACIONAL ABIERTA Y A DISTANCIA UNAD,Activa,Universidad,Oficial,58-21,Maestría En Diseño De Experiencia De Usuario,,,
UNIVERSIDAD NACIONAL ABIERTA Y A DISTANCIA UNAD,Activa,Universidad,Oficial,58-22,Maestría En Educación,,,
UNIVERSIDAD NACIONAL ABIERTA Y A DISTANCIA UNAD,Activa,Universidad,Oficial,58-23,Maestría En Educación Intercultural,,,
UNIVERSIDAD NACIONAL ABIERTA Y A DISTANCIA UNAD,Activa,Universidad,Oficial,58-24,Maestría En Gerencia De Proyectos,,,
UNIVERSIDAD NACIONAL ABIERTA Y A DISTANCIA UNAD,Activa,Universidad,Oficial,58-25,Maestría En Gestión De Tecnología De Información,,,
UNIVERSIDAD NACIONAL ABIERTA Y A DISTANCIA UNAD,Activa,Universidad,Oficial,58-26,Maestría En Gestión Financiera,,,
UNIVERSIDAD NACIONAL ABIERTA Y A DISTANCIA UNAD,Activa,Universidad,Oficial,58-27,"Maestria En Gobierno, Politicas Publicas Y Desarrollo Territorial",,,
UNIVERSIDAD NACIONAL ABIERTA Y A DISTANCIA UNAD,Activa,Universidad,Oficial,58-28,Maestría En Logística Y Redes De Valor,,,
UNIVERSIDAD NACIONAL ABIERTA Y A DISTANCIA UNAD,Activa,Universidad,Oficial,58-29,Maestría En Mediación Pedagógica En El Aprendizaje Del Inglés,,,
UNIVERSIDAD NACIONAL ABIERTA Y A DISTANCIA UNAD,Activa,Universidad,Oficial,58-3,Maestría En Psicología Comunitaria,,,
ESCUELA SUPERIOR DE ADMINISTRACION PUBLICA-ESAP-,Activa,Institución Universitaria/Escuela Tecnológica,Oficial,59-1,Especializacion En  Fronteras Y Relaciones Internacionales,,,
ESCUELA SUPERIOR DE ADMINISTRACION PUBLICA-ESAP-,Activa,Institución Universitaria/Escuela Tecnológica,Oficial,59-2,Especializacion En Administracion Publica Contemporanea,,,
ESCUELA SUPERIOR DE ADMINISTRACION PUBLICA-ESAP-,Activa,Institución Universitaria/Escuela Tecnológica,Oficial,59-3,Especialización En Administración Pública Contemporánea,,,
ESCUELA SUPERIOR DE ADMINISTRACION PUBLICA-ESAP-,Activa,Institución Universitaria/Escuela Tecnológica,Oficial,59-4,Especializacion En Alta Gerencia Del Sistema  De Seguridad Social En Salud,,,
ESCUELA SUPERIOR DE ADMINISTRACION PUBLICA-ESAP-,Activa,Institución Universitaria/Escuela Tecnológica,Oficial,59-7,Especializacion En Derechos Humanos,,,
ESCUELA SUPERIOR DE ADMINISTRACION PUBLICA-ESAP-,Activa,Institución Universitaria/Escuela Tecnológica,Oficial,59-10,Especializacion En Gerencia Ambiental,,,
ESCUELA SUPERIOR DE ADMINISTRACION PUBLICA-ESAP-,Activa,Institución Universitaria/Escuela Tecnológica,Oficial,59-11,Especializacion En Gerencia Hospitalaria,,,
ESCUELA SUPERIOR DE ADMINISTRACION PUBLICA-ESAP-,Activa,Institución Universitaria/Escuela Tecnológica,Oficial,59-12,Especializacion En Gerencia Social,,,
ESCUELA SUPERIOR DE ADMINISTRACION PUBLICA-ESAP-,Activa,Institución Universitaria/Escuela Tecnológica,Oficial,59-14,Especializacion En Gestion Publica,,,
ESCUELA SUPERIOR DE ADMINISTRACION PUBLICA-ESAP-,Activa,Institución Universitaria/Escuela Tecnológica,Oficial,59-16,Especializacion En Gestion Y Planificaci¿N Del Desarrollo Urbano Y Regional,,,
ESCUELA SUPERIOR DE ADMINISTRACION PUBLICA-ESAP-,Activa,Institución Universitaria/Escuela Tecnológica,Oficial,59-17,Especializacion En Proyectos De Desarrollo,,,
ESCUELA SUPERIOR DE ADMINISTRACION PUBLICA-ESAP-,Activa,Institución Universitaria/Escuela Tecnológica,Oficial,59-21,"Maestría En Derechos Humanos, Gestión De La Transición Y Posconflicto",,,
COLEGIO MAYOR DE ANTIOQUIA,Activa,Institución Universitaria/Escuela Tecnológica,Oficial,60-1,Especialización En Planeación Urbana,,,
POLITECNICO COLOMBIANO JAIME ISAZA CADAVID,Activa,Institución Universitaria/Escuela Tecnológica,Oficial,61-1,Especialización En Analítica De Datos,,,
INSTITUCION UNIVERSITARIA COLEGIOS DE COLOMBIA - UNICOC,Activa,Institución Universitaria/Escuela Tecnológica,Privado,62-1,Especializacion En Gerencia De Servicios De Salud,,,
FUNDACION UNIVERSITARIA DE CIENCIAS DE LA SALUD,Activa,Institución Universitaria/Escuela Tecnológica,Privado,63-1,Especialización En Gerencia De La Calidad Y Gestión Clínica,,,
FUNDACION UNIVERSITARIA DE CIENCIAS DE LA SALUD,Activa,Institución Universitaria/Escuela Tecnológica,Privado,63-2,Especialización En Gerencia De La Salud,,,
FUNDACION UNIVERSITARIA DE CIENCIAS DE LA SALUD,Activa,Institución Universitaria/Escuela Tecnológica,Privado,63-3,Especialización En Gerencia En Mercadeo De Servicios De Salud,,,
UNIVERSIDAD CES,Activa,Universidad,Privado,64-1,Especialización En Promoción Y Comunicación Para La Salud,,,
UNIVERSIDAD CES,Activa,Universidad,Privado,64-2,Maestría En Tecnologías De La Información Y La Comunicación En Salud,,,
FUNDACION UNIVERSITARIA MONSERRATE -UNIMONSERRATE,Activa,Institución Universitaria/Escuela Tecnológica,Privado,65-1,Maestría En Gestión Del Desarrollo Social,,,
UNIVERSIDAD CATOLICA DE PEREIRA,Activa,Universidad,Privado,66-1,Maestría En Innovación Educativa,,,
FUNDACION UNIVERSITARIA LOS LIBERTADORES,Activa,Institución Universitaria/Escuela Tecnológica,Privado,67-1,Especializacion En Educacion Ambiental,,,
FUNDACION UNIVERSITARIA LOS LIBERTADORES,Activa,Institución Universitaria/Escuela Tecnológica,Privado,67-2,Especializacion En El Arte En Los Procesos De Aprendizaje,,,
FUNDACION UNIVERSITARIA LOS LIBERTADORES,Activa,Institución Universitaria/Escuela Tecnológica,Privado,67-3,Especialización En Estadística Aplicada,,,
FUNDACION UNIVERSITARIA LOS LIBERTADORES,Activa,Institución Universitaria/Escuela Tecnológica,Privado,67-4,Especialización En Gerencia Estratégica De Pymes,,,
FUNDACION UNIVERSITARIA LOS LIBERTADORES,Activa,Institución Universitaria/Escuela Tecnológica,Privado,67-5,Especializacion En Informatica Para El Aprendizaje En Red,,,
FUNDACION UNIVERSITARIA LOS LIBERTADORES,Activa,Institución Universitaria/Escuela Tecnológica,Privado,67-6,Especializacion En Pedagogia De La Ludica,,,
FUNDACION UNIVERSITARIA LOS LIBERTADORES,Activa,Institución Universitaria/Escuela Tecnológica,Privado,67-7,Maestria En Educacion,,,
FUNDACION UNIVERSITARIA LOS LIBERTADORES,Activa,Institución Universitaria/Escuela Tecnológica,Privado,67-8,Maestría En Educación,,,
FUNDACION UNIVERSITARIA LOS LIBERTADORES,Activa,Institución Universitaria/Escuela Tecnológica,Privado,67-9,Maestría En Gerencia Del Desarrollo Sostenible,,,
UNIVERSIDAD CATÓLICA LUIS AMIGÓ,Activa,Universidad,Privado,68-1,Especialización En Adicciones,,,
UNIVERSIDAD CATÓLICA LUIS AMIGÓ,Activa,Universidad,Privado,68-2,Especializacion En Finanzas,,,
UNIVERSIDAD CATÓLICA LUIS AMIGÓ,Activa,Universidad,Privado,68-3,Especializacion En Gerencia De La Responsabilidad Social Empresarial,,,
UNIVERSIDAD CATÓLICA LUIS AMIGÓ,Activa,Universidad,Privado,68-4,Especialización En Gerencia Del Talento Humano,,,
UNIVERSIDAD CATÓLICA LUIS AMIGÓ,Activa,Universidad,Privado,68-5,Especialización En Gestión Educativa,,,
UNIVERSIDAD CATÓLICA LUIS AMIGÓ,Activa,Universidad,Privado,68-7,Especialización En Neuropsicopedagogía Infantil,,,
FUNDACION UNIVERSITARIA JUAN DE CASTELLANOS,Activa,Institución Universitaria/Escuela Tecnológica,Privado,69-1,Especialización En Clima Escolar,,,
FUNDACION UNIVERSITARIA JUAN DE CASTELLANOS,Activa,Institución Universitaria/Escuela Tecnológica,Privado,69-2,Especialización En Educación E Intervención Para La Primera Infancia,,,
FUNDACION UNIVERSITARIA JUAN DE CASTELLANOS,Activa,Institución Universitaria/Escuela Tecnológica,Privado,69-3,Especialización En Educación Inclusiva,,,
FUNDACION UNIVERSITARIA JUAN DE CASTELLANOS,Activa,Institución Universitaria/Escuela Tecnológica,Privado,69-4,Especialización En Gestión Educativa Y Curricular,,,
FUNDACION UNIVERSITARIA JUAN DE CASTELLANOS,Activa,Institución Universitaria/Escuela Tecnológica,Privado,69-5,Especialización En Informática Educativa,,,
FUNDACION UNIVERSITARIA JUAN DE CASTELLANOS,Activa,Institución Universitaria/Escuela Tecnológica,Privado,69-6,Especializacion En Innovacion Pedagogica,,,
FUNDACION UNIVERSITARIA JUAN DE CASTELLANOS,Activa,Institución Universitaria/Escuela Tecnológica,Privado,69-7,Especializacion En Ludica Educativa,,,
FUNDACION UNIVERSITARIA MARIA CANO,Activa,Institución Universitaria/Escuela Tecnológica,Privado,70-1,Especializacion En Administracion De Servicios De Salud,,,
FUNDACION UNIVERSITARIA MARIA CANO,Activa,Institución Universitaria/Escuela Tecnológica,Privado,70-2,Especializacion En Alta Gerencia,,,
FUNDACION UNIVERSITARIA MARIA CANO,Activa,Institución Universitaria/Escuela Tecnológica,Privado,70-3,Especialización En Atención Integral A La Primera Infancia,,,
FUNDACION UNIVERSITARIA MARIA CANO,Activa,Institución Universitaria/Escuela Tecnológica,Privado,70-4,Especialización En Gerencia De La Salud Ocupacional,,,
FUNDACION UNIVERSITARIA MARIA CANO,Activa,Institución Universitaria/Escuela Tecnológica,Privado,70-5,Especialización En Psicología Del Deporte,,,
FUNDACION UNIVERSITARIA AGRARIA DE COLOMBIA -UNIAGRARIA-,Activa,Institución Universitaria/Escuela Tecnológica,Privado,71-1,Especialización En Bienestar Animal Y Etología,,,
FUNDACION UNIVERSITARIA AGRARIA DE COLOMBIA -UNIAGRARIA-,Activa,Institución Universitaria/Escuela Tecnológica,Privado,71-2,Especialización En Educación En Contextos Rurales,,,
FUNDACION UNIVERSITARIA AGRARIA DE COLOMBIA -UNIAGRARIA-,Activa,Institución Universitaria/Escuela Tecnológica,Privado,71-3,Especialización En Gestión De Agronegocios,,,
FUNDACION UNIVERSITARIA AGRARIA DE COLOMBIA -UNIAGRARIA-,Activa,Institución Universitaria/Escuela Tecnológica,Privado,71-4,Especialización En Salud Pública Veterinaria,,,
POLITECNICO GRANCOLOMBIANO,Activa,Institución Universitaria/Escuela Tecnológica,Privado,73-1,Especialización De Gerencia De Proyectos En Inteligencia De Negocios,,,
POLITECNICO GRANCOLOMBIANO,Activa,Institución Universitaria/Escuela Tecnológica,Privado,73-2,Especialización En Comunicación Y Narrativas Digitales,,,
POLITECNICO GRANCOLOMBIANO,Activa,Institución Universitaria/Escuela Tecnológica,Privado,73-3,Especializacion En Gerencia De Finanzas,,,
POLITECNICO GRANCOLOMBIANO,Activa,Institución Universitaria/Escuela Tecnológica,Privado,73-4,Especialización En Gerencia De La Seguridad Y Salud  En El Trabajo,,,
POLITECNICO GRANCOLOMBIANO,Activa,Institución Universitaria/Escuela Tecnológica,Privado,73-5,Especialización En Gerencia De Mercadeo,,,
POLITECNICO GRANCOLOMBIANO,Activa,Institución Universitaria/Escuela Tecnológica,Privado,73-6,Especialización En Gerencia De Proyectos De Telecomunicaciones,,,
POLITECNICO GRANCOLOMBIANO,Activa,Institución Universitaria/Escuela Tecnológica,Privado,73-7,Especialización En Gerencia De Riesgos Y Seguros,,,
POLITECNICO GRANCOLOMBIANO,Activa,Institución Universitaria/Escuela Tecnológica,Privado,73-8,Especialización En Gestión Educativa,,,
POLITECNICO GRANCOLOMBIANO,Activa,Institución Universitaria/Escuela Tecnológica,Privado,73-9,Especialización En Gestión Empresarial,,,
POLITECNICO GRANCOLOMBIANO,Activa,Institución Universitaria/Escuela Tecnológica,Privado,73-10,Especialización En Herramientas Virtuales Para La Educación,,,
POLITECNICO GRANCOLOMBIANO,Activa,Institución Universitaria/Escuela Tecnológica,Privado,73-11,Especialización En Seguridad De La Información,,,
POLITECNICO GRANCOLOMBIANO,Activa,Institución Universitaria/Escuela Tecnológica,Privado,73-12,Especialización Tecnológica En Desarrollo De Aplicativos Para Redes Móviles,,,
POLITECNICO GRANCOLOMBIANO,Activa,Institución Universitaria/Escuela Tecnológica,Privado,73-13,Especialización Tecnológica En Turismo De Salud Y Bienestar,,,
POLITECNICO GRANCOLOMBIANO,Activa,Institución Universitaria/Escuela Tecnológica,Privado,73-14,Maestría En Administración Internacional,,,
POLITECNICO GRANCOLOMBIANO,Activa,Institución Universitaria/Escuela Tecnológica,Privado,73-15,Maestría En Gerencia Del Talento Humano,,,
POLITECNICO GRANCOLOMBIANO,Activa,Institución Universitaria/Escuela Tecnológica,Privado,73-16,Maestría En Innovación Educativa,,,
FUNDACION UNIVERSITARIA-CEIPA-,Activa,Institución Universitaria/Escuela Tecnológica,Privado,74-1,Especialización En Gerencia,,,
FUNDACION UNIVERSITARIA-CEIPA-,Activa,Institución Universitaria/Escuela Tecnológica,Privado,74-2,Especialización En Gerencia De Mercadeo,,,
FUNDACION UNIVERSITARIA-CEIPA-,Activa,Institución Universitaria/Escuela Tecnológica,Privado,74-4,Especialización En Gerencia De Proyectos,,,
FUNDACION UNIVERSITARIA-CEIPA-,Activa,Institución Universitaria/Escuela Tecnológica,Privado,74-5,Especialización En Gerencia Del Talento Humano,,,
FUNDACION UNIVERSITARIA-CEIPA-,Activa,Institución Universitaria/Escuela Tecnológica,Privado,74-6,Especialización En Gerencia Financiera,,,
FUNDACION UNIVERSITARIA-CEIPA-,Activa,Institución Universitaria/Escuela Tecnológica,Privado,74-7,Especializacion En Gerencia Logistica,,,
FUNDACION UNIVERSITARIA-CEIPA-,Activa,Institución Universitaria/Escuela Tecnológica,Privado,74-8,Especializacion En Gestion Servicios,,,
FUNDACION UNIVERSITARIA DEL AREA ANDINA,Activa,Institución Universitaria/Escuela Tecnológica,Privado,75-1,Especialización En Alta Gerencia,Ok,,
FUNDACION UNIVERSITARIA DEL AREA ANDINA,Activa,Institución Universitaria/Escuela Tecnológica,Privado,75-2,Especializacion En Auditoria En Salud,Ok,,
FUNDACION UNIVERSITARIA DEL AREA ANDINA,Activa,Institución Universitaria/Escuela Tecnológica,Privado,75-3,"Especialización En Derechos De Autor,  Propiedad Industrial Y Nuevas Tecnologías",Ok,,
FUNDACION UNIVERSITARIA DEL AREA ANDINA,Activa,Institución Universitaria/Escuela Tecnológica,Privado,75-4,Especializacion En Epidemiologia,Ok,,
FUNDACION UNIVERSITARIA DEL AREA ANDINA,Activa,Institución Universitaria/Escuela Tecnológica,Privado,75-5,Especializacion En Gerencia En Seguridad Y Salud En El Trabajo,Ok,,
FUNDACION UNIVERSITARIA DEL AREA ANDINA,Activa,Institución Universitaria/Escuela Tecnológica,Privado,75-6,Especialización En Gerencia Financiera,Ok,,
FUNDACION UNIVERSITARIA DEL AREA ANDINA,Activa,Institución Universitaria/Escuela Tecnológica,Privado,75-7,Especializacion En Gestion Ambiental,Ok,,
FUNDACION UNIVERSITARIA DEL AREA ANDINA,Activa,Institución Universitaria/Escuela Tecnológica,Privado,75-8,Especializacion En Informatica Educativa,Ok,,
FUNDACION UNIVERSITARIA DEL AREA ANDINA,Activa,Institución Universitaria/Escuela Tecnológica,Privado,75-9,Especialización En Pedagogía  Y Docencia,Ok,,
FUNDACION UNIVERSITARIA DEL AREA ANDINA,Activa,Institución Universitaria/Escuela Tecnológica,Privado,75-10,Especialización En Revisoría Fiscal Y Auditoría Forense,Ok,,
FUNDACION UNIVERSITARIA DEL AREA ANDINA,Activa,Institución Universitaria/Escuela Tecnológica,Privado,75-11,Maestría En Epidemiología,Ok,,
FUNDACION UNIVERSITARIA DEL AREA ANDINA,Activa,Institución Universitaria/Escuela Tecnológica,Privado,75-12,Maestría En Gerencia De Mercadeo Digital,Ok,,
FUNDACION UNIVERSITARIA DEL AREA ANDINA,Activa,Institución Universitaria/Escuela Tecnológica,Privado,75-13,Maestría En Innovación,Ok,,
FUNDACION UNIVERSITARIA CATOLICA DEL NORTE,Activa,Institución Universitaria/Escuela Tecnológica,Privado,76-1,Especializacion En Dialogo Interreligioso E Intercultural,,,
FUNDACION UNIVERSITARIA CATOLICA DEL NORTE,Activa,Institución Universitaria/Escuela Tecnológica,Privado,76-2,Especializacion En Evangelización En Ambientes Virtuales,,,
FUNDACION UNIVERSITARIA CATOLICA DEL NORTE,Activa,Institución Universitaria/Escuela Tecnológica,Privado,76-3,Especialización En Gerencia Agropecuaria,,,
FUNDACION UNIVERSITARIA CATOLICA DEL NORTE,Activa,Institución Universitaria/Escuela Tecnológica,Privado,76-4,Especializacion En Gerencia De Negocios Internacionales,,,
FUNDACION UNIVERSITARIA CATOLICA DEL NORTE,Activa,Institución Universitaria/Escuela Tecnológica,Privado,76-5,Especialización En Gerencia Financiera,,,
FUNDACION UNIVERSITARIA CATOLICA DEL NORTE,Activa,Institución Universitaria/Escuela Tecnológica,Privado,76-6,Especialización En Gestión Ambiental,,,
FUNDACION UNIVERSITARIA CATOLICA DEL NORTE,Activa,Institución Universitaria/Escuela Tecnológica,Privado,76-7,Especialización En Gestión De Infraestructura Tecnológica,,,
FUNDACION UNIVERSITARIA CATOLICA DEL NORTE,Activa,Institución Universitaria/Escuela Tecnológica,Privado,76-8,Especialización En Gestión De Seguridad Y Riesgo Informático,,,
FUNDACION UNIVERSITARIA CATOLICA DEL NORTE,Activa,Institución Universitaria/Escuela Tecnológica,Privado,76-9,Especializacion En Gestión Gerontológica,,,
FUNDACION UNIVERSITARIA CATOLICA DEL NORTE,Activa,Institución Universitaria/Escuela Tecnológica,Privado,76-10,Especializacion En Gestión Para El Teletrabajo,,,
FUNDACION UNIVERSITARIA CATOLICA DEL NORTE,Activa,Institución Universitaria/Escuela Tecnológica,Privado,76-11,Especializacion En Inteligencia De Negocios,,,
FUNDACION UNIVERSITARIA CATOLICA DEL NORTE,Activa,Institución Universitaria/Escuela Tecnológica,Privado,76-12,Especializacion En Pedagogia De La Virtualidad,,,
FUNDACIÓN UNIVERSITARIA COMPENSAR,Activa,Institución Universitaria/Escuela Tecnológica,Privado,77-1,Especialización En Gerencia De La Comunicación Estratégica,,,
FUNDACION UNIVERSITARIA SEMINARIO TEOLOGICO BAUTISTA INTERNACIONAL,Activa,Institución Universitaria/Escuela Tecnológica,Privado,78-1,Maestria En Teologia,,,
UNIVERSIDAD SIMON BOLIVAR,Activa,Universidad,Privado,79-1,Maestria En Educacion,,,
CORPORACION UNIVERSIDAD DE LA COSTA CUC,Activa,Universidad,Privado,80-1,Especializacion En Estudios Pedagogicos,,,
CORPORACION UNIVERSIDAD DE LA COSTA CUC,Activa,Universidad,Privado,80-2,Especialización En Sexualidad Y Relaciones Contemporáneas,,,
CORPORACION UNIVERSIDAD DE LA COSTA CUC,Activa,Universidad,Privado,80-3,Maestría En Administración,,,
CORPORACION UNIVERSIDAD DE LA COSTA CUC,Activa,Universidad,Privado,80-4,Maestria En Contabilidad Y Finanzas,,,
CORPORACION UNIVERSIDAD DE LA COSTA CUC,Activa,Universidad,Privado,80-6,Maestria En Educacion,,,
CORPORACION UNIVERSIDAD DE LA COSTA CUC,Activa,Universidad,Privado,80-7,Maestria En Gerencia En Seguridad Y Salud En El Trabajo,,,
CORPORACION UNIVERSIDAD DE LA COSTA CUC,Activa,Universidad,Privado,80-8,Maestria En Gestion De Servicios De Salud,,,
CORPORACION UNIVERSIDAD DE LA COSTA CUC,Activa,Universidad,Privado,80-9,Maestria En Marketing,,,
CORPORACION UNIVERSIDAD DE LA COSTA CUC,Activa,Universidad,Privado,80-10,Maestria En Neuropsicopedagogia,,,
UNIVERSIDAD EAN,Activa,Universidad,Privado,81-1,Especializacion En Administracion De Empresas,,,
UNIVERSIDAD EAN,Activa,Universidad,Privado,81-2,Especialización En Dirección Financiera,,,
UNIVERSIDAD EAN,Activa,Universidad,Privado,81-3,Especialización En Gerencia Comercial Y Mercadeo,,,
UNIVERSIDAD EAN,Activa,Universidad,Privado,81-4,Especializacion En Gerencia De Procesos De Calidad E Innovacion,,,
UNIVERSIDAD EAN,Activa,Universidad,Privado,81-5,Especialización En Gerencia De Proyectos,,,
UNIVERSIDAD EAN,Activa,Universidad,Privado,81-14,Especializacion En Gestion Humana,,,
UNIVERSIDAD EAN,Activa,Universidad,Privado,81-15,Especializacion En Gobierno Y Gerencia Publica,,,
UNIVERSIDAD EAN,Activa,Universidad,Privado,81-16,"Maestría En Administración De Empresas, Mba",,,
UNIVERSIDAD EAN,Activa,Universidad,Privado,81-18,Maestría En Gerencia De Proyectos,,,
UNIVERSIDAD EAN,Activa,Universidad,Privado,81-19,Maestría En Gerencia De Sistemas De Información Y Proyectos Tecnológicos,,,
UNIVERSIDAD EAN,Activa,Universidad,Privado,81-20,Maestría En Gestión De La Educación Virtual,,,
UNIVERSIDAD EAN,Activa,Universidad,Privado,81-22,Maestría En Inteligencia De Negocios,,,
UNIVERSIDAD EAN,Activa,Universidad,Privado,81-24,Maestría En Negocios Internacionales,,,
UNIVERSIDAD EAN,Activa,Universidad,Privado,81-25,Maestría En Proyectos De Desarrollo Sostenible,,,
CORPORACION UNIVERSITARIA ADVENTISTA - UNAC,Activa,Institución Universitaria/Escuela Tecnológica,Privado,82-1,Especialización En Docencia,,,
CORPORACION UNIVERSITARIA ADVENTISTA - UNAC,Activa,Institución Universitaria/Escuela Tecnológica,Privado,82-2,Especialización En Gestión Tributaria,,,
CORPORACION UNIVERSITARIA ADVENTISTA - UNAC,Activa,Institución Universitaria/Escuela Tecnológica,Privado,82-3,Maestría En Educación,,,
CORPORACION UNIVERSITARIA MINUTO DE DIOS -UNIMINUTO-,Activa,Institución Universitaria/Escuela Tecnológica,Privado,84-1,Especialización En Atención A La Primera Infancia,,,
CORPORACION UNIVERSITARIA MINUTO DE DIOS -UNIMINUTO-,Activa,Institución Universitaria/Escuela Tecnológica,Privado,84-2,Especialización En Comunicación Digital,,,
CORPORACION UNIVERSITARIA MINUTO DE DIOS -UNIMINUTO-,Activa,Institución Universitaria/Escuela Tecnológica,Privado,84-3,Especialización En Economía Social Y Solidaria,,,
CORPORACION UNIVERSITARIA MINUTO DE DIOS -UNIMINUTO-,Activa,Institución Universitaria/Escuela Tecnológica,Privado,84-4,Especialización En Gerencia De Proyectos,,,
CORPORACION UNIVERSITARIA MINUTO DE DIOS -UNIMINUTO-,Activa,Institución Universitaria/Escuela Tecnológica,Privado,84-5,Especialización En Gerencia De Proyectos,,,
CORPORACION UNIVERSITARIA MINUTO DE DIOS -UNIMINUTO-,Activa,Institución Universitaria/Escuela Tecnológica,Privado,84-6,Especialización En Gerencia De Proyectos,,,
CORPORACION UNIVERSITARIA MINUTO DE DIOS -UNIMINUTO-,Activa,Institución Universitaria/Escuela Tecnológica,Privado,84-7,"Especialización En Gerencia De Riesgos Laborales, Seguridad Y Salud En El Trabajo",,,
CORPORACION UNIVERSITARIA MINUTO DE DIOS -UNIMINUTO-,Activa,Institución Universitaria/Escuela Tecnológica,Privado,84-9,Especialización En Gerencia Financiera,,,
CORPORACION UNIVERSITARIA MINUTO DE DIOS -UNIMINUTO-,Activa,Institución Universitaria/Escuela Tecnológica,Privado,84-10,Especialización En Gestión Psicosocial En Contextos De Trabajo.,,,
CORPORACION UNIVERSITARIA MINUTO DE DIOS -UNIMINUTO-,Activa,Institución Universitaria/Escuela Tecnológica,Privado,84-11,Especialización En Gestión Tributaria,,,
CORPORACION UNIVERSITARIA MINUTO DE DIOS -UNIMINUTO-,Activa,Institución Universitaria/Escuela Tecnológica,Privado,84-12,Maestría En Educación,,,
CORPORACION UNIVERSITARIA MINUTO DE DIOS -UNIMINUTO-,Activa,Institución Universitaria/Escuela Tecnológica,Privado,84-13,Maestría En Educación Inclusiva E Intercultural,,,
CORPORACION UNIVERSITARIA MINUTO DE DIOS -UNIMINUTO-,Activa,Institución Universitaria/Escuela Tecnológica,Privado,84-14,Maestría En Gerencia De La Innovación En Proyectos,,,
CORPORACION UNIVERSITARIA MINUTO DE DIOS -UNIMINUTO-,Activa,Institución Universitaria/Escuela Tecnológica,Privado,84-15,Maestría En Gerencia Social Y Desarrollo,,,
CORPORACION UNIVERSITARIA MINUTO DE DIOS -UNIMINUTO-,Activa,Institución Universitaria/Escuela Tecnológica,Privado,84-16,"Maestria En Paz, Desarrollo Y Ciudadania",,,
CORPORACION UNIVERSITARIA IBEROAMERICANA,Activa,Institución Universitaria/Escuela Tecnológica,Privado,85-1,Especializacion En Analitica Y Big Data,Ok,,
CORPORACION UNIVERSITARIA IBEROAMERICANA,Activa,Institución Universitaria/Escuela Tecnológica,Privado,85-2,Especializacion En Ciberseguridad,Ok,,
CORPORACION UNIVERSITARIA IBEROAMERICANA,Activa,Institución Universitaria/Escuela Tecnológica,Privado,85-3,Especialización En Desarrollo Integral De La Infancia Y La Adolescencia,Ok,,
CORPORACION UNIVERSITARIA IBEROAMERICANA,Activa,Institución Universitaria/Escuela Tecnológica,Privado,85-4,Especialización En Gerencia De La Calidad En Salud,Ok,,
CORPORACION UNIVERSITARIA IBEROAMERICANA,Activa,Institución Universitaria/Escuela Tecnológica,Privado,85-5,Especialización En Gerencia De La Seguridad Y Salud En El Trabajo,Ok,,
CORPORACION UNIVERSITARIA IBEROAMERICANA,Activa,Institución Universitaria/Escuela Tecnológica,Privado,85-6,Especialización En Gerencia De Proyectos,Ok,,
CORPORACION UNIVERSITARIA IBEROAMERICANA,Activa,Institución Universitaria/Escuela Tecnológica,Privado,85-8,Especialización En Gerencia Financiera,Ok,,
CORPORACION UNIVERSITARIA IBEROAMERICANA,Activa,Institución Universitaria/Escuela Tecnológica,Privado,85-9,Especializacion En Marketing Digital,Ok,,
CORPORACION UNIVERSITARIA IBEROAMERICANA,Activa,Institución Universitaria/Escuela Tecnológica,Privado,85-10,Especialización En Neuropsicología De La Educación,Ok,,
CORPORACION UNIVERSITARIA IBEROAMERICANA,Activa,Institución Universitaria/Escuela Tecnológica,Privado,85-11,Maestria En Ambientes Digitales Para La Educacion,Ok,,
CORPORACION UNIVERSITARIA IBEROAMERICANA,Activa,Institución Universitaria/Escuela Tecnológica,Privado,85-12,Maestría En Educación,Ok,,
UNIVERSIDAD DE SANTANDER - UDES,Activa,Universidad,Privado,86-1,Especialización En Aplicación De Tic Para La Enseñanza,,,
UNIVERSIDAD DE SANTANDER - UDES,Activa,Universidad,Privado,86-6,Maestría En Educatrónica,,,
UNIVERSIDAD DE SANTANDER - UDES,Activa,Universidad,Privado,86-7,Maestria En Tecnologias Digitales Aplicadas A La Educacion,,,
CORPORACION UNIVERSITARIA REMINGTON,Activa,Institución Universitaria/Escuela Tecnológica,Privado,87-1,Especialización En Alta Gerencia,,,
CORPORACION UNIVERSITARIA REMINGTON,Activa,Institución Universitaria/Escuela Tecnológica,Privado,87-2,Especialización En Cumplimiento Anti Lavado De Activos Y Contra La Financiación Del Terrorismo,,,
CORPORACION UNIVERSITARIA REMINGTON,Activa,Institución Universitaria/Escuela Tecnológica,Privado,87-3,Especialización En Dirección De Operaciones Y Mejoramiento Continuo,,,
CORPORACION UNIVERSITARIA REMINGTON,Activa,Institución Universitaria/Escuela Tecnológica,Privado,87-4,Especialización En Gerencia  Financiera,,,
CORPORACION UNIVERSITARIA REMINGTON,Activa,Institución Universitaria/Escuela Tecnológica,Privado,87-5,Especialización En Gerencia Ambiental,,,
CORPORACION UNIVERSITARIA REMINGTON,Activa,Institución Universitaria/Escuela Tecnológica,Privado,87-6,Especialización En Gerencia De La Innovación Y Desarrollo Empresarial,,,
CORPORACION UNIVERSITARIA REMINGTON,Activa,Institución Universitaria/Escuela Tecnológica,Privado,87-7,Especialización En Gerencia De Mercadeo,,,
CORPORACION UNIVERSITARIA REMINGTON,Activa,Institución Universitaria/Escuela Tecnológica,Privado,87-8,Especialización En Gerencia Del Talento Humano,,,
CORPORACION UNIVERSITARIA REMINGTON,Activa,Institución Universitaria/Escuela Tecnológica,Privado,87-9,Especialización En Gerencia Del Turismo,,,
CORPORACION UNIVERSITARIA REMINGTON,Activa,Institución Universitaria/Escuela Tecnológica,Privado,87-10,Especializacion En Gobierno De Tecnologias De La Informacion,,,
CORPORACION UNIVERSITARIA REMINGTON,Activa,Institución Universitaria/Escuela Tecnológica,Privado,87-11,Especialización En Informática Educativa,,,
CORPORACION UNIVERSITARIA REMINGTON,Activa,Institución Universitaria/Escuela Tecnológica,Privado,87-12,Especialización En Legislación Tributaria Nacional E Internacional,,,
CORPORACION UNIVERSITARIA REMINGTON,Activa,Institución Universitaria/Escuela Tecnológica,Privado,87-16,Especialización En Seguridad De La Información,,,
UNIVERSITARIA AGUSTINIANA- UNIAGUSTINIANA,Activa,Institución Universitaria/Escuela Tecnológica,Privado,88-1,Especialización En Gerencia Estratégica Del Talento Humano,,,
CORPORACION UNIVERSITARIA REPUBLICANA,Activa,Institución Universitaria/Escuela Tecnológica,Privado,89-1,Especialización En Derecho Administrativo,,,
UNIVERSIDAD DE INVESTIGACION Y DESARROLLO - UDI,Activa,Universidad,Privado,90-1,Especialización En Logística,,,
UNIVERSIDAD DE INVESTIGACION Y DESARROLLO - UDI,Activa,Universidad,Privado,90-2,Especialización En Seguridad Y Salud En El Trabajo,,,
UNIVERSIDAD DE INVESTIGACION Y DESARROLLO - UDI,Activa,Universidad,Privado,90-3,Maestría En Tic Para La Educación,,,
CORPORACION UNIVERSITARIA  UNITEC,Activa,Institución Universitaria/Escuela Tecnológica,Privado,91-1,Especialización En Gerencia De Proyectos,,,
CORPORACION UNIVERSITARIA  UNITEC,Activa,Institución Universitaria/Escuela Tecnológica,Privado,91-2,Especialización En Gerencia Financiera,,,
CORPORACION UNIVERSITARIA  UNITEC,Activa,Institución Universitaria/Escuela Tecnológica,Privado,91-3,Especialización En Gestión De La Seguridad Y Salud En El Trabajo,,,
CORPORACION UNIVERSITARIA  UNITEC,Activa,Institución Universitaria/Escuela Tecnológica,Privado,91-4,Especialización En Seguridad De La Información,,,
CORPORACION UNIVERSITARIA AUTONOMA DEL CAUCA,Activa,Institución Universitaria/Escuela Tecnológica,Privado,92-1,Especializacion En Pedagogia,,,
CORPORACION UNIVERSITARIA ANTONIO JOSE DE SUCRE - CORPOSUCRE,Activa,Institución Universitaria/Escuela Tecnológica,Privado,93-1,Especialización En Gerencia Tributaria,,,
CORPORACION UNIVERSITARIA ANTONIO JOSE DE SUCRE - CORPOSUCRE,Activa,Institución Universitaria/Escuela Tecnológica,Privado,93-2,Especialización En Seguridad Y Salud En El Trabajo,,,
CORPORACION UNIVERSITARIA ANTONIO JOSE DE SUCRE - CORPOSUCRE,Activa,Institución Universitaria/Escuela Tecnológica,Privado,93-2,Especialización En Seguridad Y Salud En El Trabajo (Virt),,,
ESCUELA SUPERIOR DE GUERRA GENERAL RAFAEL REYES PRIETO,Activa,Institución Universitaria/Escuela Tecnológica,Oficial,94-1,"Doctorado En Estudios Estratégicos, Seguridad Y Defensa",,,
INSTITUCIÓN UNIVERSITARIA PASCUAL BRAVO,Activa,Institución Universitaria/Escuela Tecnológica,Oficial,95-1,Especialización En Gestión De Proyectos,,,
INSTITUCIÓN UNIVERSITARIA PASCUAL BRAVO,Activa,Institución Universitaria/Escuela Tecnológica,Oficial,95-2,Maestría En Diseño Y Evaluación De Proyectos Regionales,,,
INSTITUTO TECNOLOGICO METROPOLITANO,Activa,Institución Universitaria/Escuela Tecnológica,Oficial,96-1,"Maestría En Estudios De Ciencia, Tecnología, Sociedad E Innovación",,,
INSTITUCION UNIVERSITARIA ESCOLME,Activa,Institución Universitaria/Escuela Tecnológica,Privado,97-1,Especialización En Gerencia De Mercadeo,,,
FUNDACION UNIVERSITARIA ESUMER,Activa,Institución Universitaria/Escuela Tecnológica,Privado,100-1,Especialización En Gestión De E-Commerce Y Marketing Digital,,,
FUNDACION UNIVERSITARIA HORIZONTE,Activa,Institución Universitaria/Escuela Tecnológica,Privado,102-1,"Especialización En Ambientes Virtuales De Aprendizaje, Ava",,,
CORPORACION UNIVERSITARIA CENDA,Activa,Institución Universitaria/Escuela Tecnológica,Privado,104-1,Especialización En Deporte Y Desarrollo Social,,,
CORPORACION UNIVERSITARIA CENDA,Activa,Institución Universitaria/Escuela Tecnológica,Privado,104-2,Especialización En Infancias Y Juventudes,,,
CORPORACION UNIFICADA NACIONAL DE EDUCACION SUPERIOR-CUN-,Activa,Institución Técnica Profesional,Privado,105-1,Especialización En Analítica De Datos,,,
CORPORACION UNIFICADA NACIONAL DE EDUCACION SUPERIOR-CUN-,Activa,Institución Técnica Profesional,Privado,105-2,Especialización En Gerencia De La Marca,,,
CORPORACION UNIFICADA NACIONAL DE EDUCACION SUPERIOR-CUN-,Activa,Institución Técnica Profesional,Privado,105-3,Especialización En Gerencia En La Industria De La Moda,,,
CORPORACION UNIFICADA NACIONAL DE EDUCACION SUPERIOR-CUN-,Activa,Institución Técnica Profesional,Privado,105-4,Especialización En Paz Y Desarrollo Territorial,,,
UNIVERSIDAD ECCI,Activa,Universidad,Privado,106-1,Especializacion En Educacion Para La Sostenibilidad Ambiental,,,
UNIVERSIDAD ECCI,Activa,Universidad,Privado,106-2,Especialización En Gerencia De La Seguridad Y Salud En El Trabajo,,,
UNIVERSIDAD ECCI,Activa,Universidad,Privado,106-3,Especialización En Gerencia Estratégica De Mercadeo,,,
UNIVERSIDAD ECCI,Activa,Universidad,Privado,106-4,Especializacion En Innovacion Docente Mediada Por Tic,,,
UNIVERSIDAD ECCI,Activa,Universidad,Privado,106-5,Maestría En Administración,,,
ESCUELA DE SUBOFICIALES DE LA FUERZA AEREA COLOMBIANA ANDRES M. DIAZ,Activa,Institución Tecnológica,Oficial,107-1,Especialización Tecnológica En Administración De Operaciones Aeronáuticas,,,
ESCUELA DE SUBOFICIALES DE LA FUERZA AEREA COLOMBIANA ANDRES M. DIAZ,Activa,Institución Tecnológica,Oficial,107-2,Especialización Tecnológica En Administración De Operaciones Para La Seguridad Aeroportuaria,,,
ESCUELA DE SUBOFICIALES DE LA FUERZA AEREA COLOMBIANA ANDRES M. DIAZ,Activa,Institución Tecnológica,Oficial,107-3,Especialización Tecnológica En Administración De Recursos Logísticos Aeronáuticos,,,
SERVICIO NACIONAL DE APRENDIZAJE-SENA-,Activa,Institución Tecnológica,Oficial,108-1,Especialización Tecnológica Diseño De Productos Turísticos,,,
SERVICIO NACIONAL DE APRENDIZAJE-SENA-,Activa,Institución Tecnológica,Oficial,108-2,Especialización Tecnológica Diseño Y Desarrollo De Investigaciones De Mercado,,,
SERVICIO NACIONAL DE APRENDIZAJE-SENA-,Activa,Institución Tecnológica,Oficial,108-3,Especialización Tecnológica En Diagnóstico Y Análisis Organizacional Para Unidades Productivas,,,
SERVICIO NACIONAL DE APRENDIZAJE-SENA-,Activa,Institución Tecnológica,Oficial,108-4,Especialización Tecnológica En Diseño De Proyectos Turísticos,,,
SERVICIO NACIONAL DE APRENDIZAJE-SENA-,Activa,Institución Tecnológica,Oficial,108-5,Especialización Tecnológica En Estructuración Del Plan Comercial,,,
SERVICIO NACIONAL DE APRENDIZAJE-SENA-,Activa,Institución Tecnológica,Oficial,108-7,Especialización Tecnológica En Gestión Del Talento Humano Por Competencias - Metodología,,,
SERVICIO NACIONAL DE APRENDIZAJE-SENA-,Activa,Institución Tecnológica,Oficial,108-8,Especialización Tecnológica En Gestión Económica De La Logística Internacional,,,
SERVICIO NACIONAL DE APRENDIZAJE-SENA-,Activa,Institución Tecnológica,Oficial,108-10,Especialización Tecnológica En Gestión Y Seguridad De Bases De Datos,,,
SERVICIO NACIONAL DE APRENDIZAJE-SENA-,Activa,Institución Tecnológica,Oficial,108-11,Especialización Tecnológica En Marketing Y Modelos De Negocio Online,,,
SERVICIO NACIONAL DE APRENDIZAJE-SENA-,Activa,Institución Tecnológica,Oficial,108-12,Especialización Tecnológica En Planeación Tributaria,,,
SERVICIO NACIONAL DE APRENDIZAJE-SENA-,Activa,Institución Tecnológica,Oficial,108-14,Especialización Tecnológica En Producción Y Consumo Sostenible,,,
SERVICIO NACIONAL DE APRENDIZAJE-SENA-,Activa,Institución Tecnológica,Oficial,108-15,Especialización Tecnológica En Supervisión De Buenas Prácticas De Manufactura,,,
FUNDACION UNIVERSITARIA CLARETIANA - UNICLARETIANA,Activa,Institución Universitaria/Escuela Tecnológica,Privado,109-1,Especialización En Estudios Bíblicos,Ok,,
FUNDACION UNIVERSITARIA CLARETIANA - UNICLARETIANA,Activa,Institución Universitaria/Escuela Tecnológica,Privado,109-3,Especialización En Gestion De Procesos Psicosociales,Ok,,
FUNDACION UNIVERSITARIA CLARETIANA - UNICLARETIANA,Activa,Institución Universitaria/Escuela Tecnológica,Privado,109-4,Especialización En Métodos Y Técnicas De Investigación En Ciencias Sociales,Ok,,
FUNDACION UNIVERSITARIA CLARETIANA - UNICLARETIANA,Activa,Institución Universitaria/Escuela Tecnológica,Privado,109-6,Especialización En Periodismo De Paz,Ok,,
FUNDACION UNIVERSITARIA CLARETIANA - UNICLARETIANA,Activa,Institución Universitaria/Escuela Tecnológica,Privado,109-7,Especializacion Gerencia  Financiera,Ok,,
CORPORACION UNIVERSITARIA U DE COLOMBIA,Activa,Institución Universitaria/Escuela Tecnológica,Privado,110-1,Especialización En Derecho De Daños,,,
FUNDACION UNIVERSITARIA COLOMBO GERMANA,Activa,Institución Universitaria/Escuela Tecnológica,Privado,111-1,Especialización En Gerencia De Proyectos,Ok,,
FUNDACION UNIVERSITARIA COLOMBO GERMANA,Activa,Institución Universitaria/Escuela Tecnológica,Privado,111-2,Especialización En Gerencia En Seguridad Y Salud Para El Trabajo,Ok,,
CORPORACION UNIVERSITARIA DE ASTURIAS,Activa,Institución Universitaria/Escuela Tecnológica,Privado,112-1,Especialización En Dirección De Empresas,,,
CORPORACION UNIVERSITARIA DE ASTURIAS,Activa,Institución Universitaria/Escuela Tecnológica,Privado,112-2,Especialización En Gerencia De  Proyectos,,,
CORPORACION UNIVERSITARIA DE ASTURIAS,Activa,Institución Universitaria/Escuela Tecnológica,Privado,112-6,Especialización En Inteligencia De Negocios,,,
UNIVERSITARIA VIRTUAL INTERNACIONAL,Activa,Institución Universitaria/Escuela Tecnológica,Privado,113-1,Especialización En Desarrollo De Negocios Digitales,Ok,,
FUNDACION UNIVERSITARIA INTERNACIONAL DE LA RIOJA - UNIR,Activa,Institución Universitaria/Escuela Tecnológica,Privado,114-1,Especialización En Alta Gerencia,Ok,,
FUNDACION UNIVERSITARIA INTERNACIONAL DE LA RIOJA - UNIR,Activa,Institución Universitaria/Escuela Tecnológica,Privado,114-2,Especialización En Dirección Y Gestión De Proyectos,Ok,,
FUNDACION UNIVERSITARIA INTERNACIONAL DE LA RIOJA - UNIR,Activa,Institución Universitaria/Escuela Tecnológica,Privado,114-3,Especialización En Gestión De La Seguridad Y Salud En El Trabajo,Ok,,
FUNDACION UNIVERSITARIA INTERNACIONAL DE LA RIOJA - UNIR,Activa,Institución Universitaria/Escuela Tecnológica,Privado,114-4,Especialización En Gestión Humana,Ok,,
FUNDACION UNIVERSITARIA INTERNACIONAL DE LA RIOJA - UNIR,Activa,Institución Universitaria/Escuela Tecnológica,Privado,114-6,Especialización En Neuropsicología Y Educación,Ok,,
INSTITUCION UNIVERSITARIA DIGITAL DE ANTIOQUIA -IU. DIGITAL,Activa,Institución Universitaria/Escuela Tecnológica,Oficial,115-1,Especialización En Análitica Y  Big Data,,,
INSTITUCION UNIVERSITARIA DIGITAL DE ANTIOQUIA -IU. DIGITAL,Activa,Institución Universitaria/Escuela Tecnológica,Oficial,115-2,Especialización En Formulación Y Evaluación De Proyectos,,,
INSTITUCION UNIVERSITARIA DIGITAL DE ANTIOQUIA -IU. DIGITAL,Activa,Institución Universitaria/Escuela Tecnológica,Oficial,115-3,Especialización En Programación Aplicada,,,
INSTITUCION UNIVERSITARIA ANTONIO JOSE CAMACHO,Activa,Institución Universitaria/Escuela Tecnológica,Oficial,116-1,Especialización En Gestión Ambiental Sostenible,,,
INSTITUCION UNIVERSITARIA ANTONIO JOSE CAMACHO,Activa,Institución Universitaria/Escuela Tecnológica,Oficial,116-2,Especialización En Gestión De Contenidos Digitales,,,
Universidad Nacional de Colombia,Activa,Universidad,Oficial,117-1,Doctorado En Ciencias Económicas,Ok,,
Universidad Nacional de Colombia,Activa,Universidad,Oficial,117-2,Maestría En Ingeniería De Sistemas Y Computación,Ok,,
Universidad Nacional de Colombia,Activa,Universidad,Oficial,117-3,Especialización En Gobierno Electrónico,Ok,,
Universidad Nacional de Colombia,Activa,Universidad,Oficial,117-4,Doctorado En Industria Y Organizaciones,Ok,,
Colegio de Estudios Superiores de Administración,Activa,Institución Universitaria/Escuela Tecnológica,Privado,118-1,Doctorate In Business Administration,Ok,,
Colegio de Estudios Superiores de Administración,Activa,Institución Universitaria/Escuela Tecnológica,Privado,118-2,Master In Business Administration,Ok,,
Universidad del Rosario,Activa,Universidad,Privado,119-1,Doctorado En Estudios Sociales,Ok,,
Universidad del Rosario,Activa,Universidad,Privado,119-2,Doctorado En Ciencias Naturales,Ok,,
Universidad del Rosario,Activa,Universidad,Privado,119-3,Doctorado En Investigación Clínica,Ok,,
Universidad Pedagógica y Tecnológica de Colombia,Activa,Universidad,Oficial,120-1,Doctorado En Ciencias Biológicas Y Ambientales,Ok,,
Universidad Pedagógica y Tecnológica de Colombia,Activa,Universidad,Oficial,120-2,Maestría En Energías Renovables,Ok,,
Universidad Pedagógica y Tecnológica de Colombia,Activa,Universidad,Oficial,120-3,Especialización En Bases De Datos,Ok,,
Universidad del Quindío,Activa,Universidad,Oficial,121-1,Doctorado En Ciencias ,Ok,,
Universidad del Quindío,Activa,Universidad,Oficial,121-2,Maestría En Agronegocios Del Café,Ok,,
Universidad del Quindío,Activa,Universidad,Oficial,121-3,Maestría En Procesos Agroindustriales,Ok,,
Univesidad Militar Nueva Granada,Activa,Universidad,Oficial,122-1,Doctorado En Ingeniería,Ok,,
Univesidad Militar Nueva Granada,Activa,Universidad,Oficial,122-2,Especialización En Alta Gerencia,Ok,,
Univesidad Militar Nueva Granada,Activa,Universidad,Oficial,122-3,Especialización En Alta Gerencia De Seguridad Y Defensa,Ok,,
Univesidad Militar Nueva Granada,Activa,Universidad,Oficial,122-4,Maestría En Ingeniería Civil,Ok,,
Fundación Univesitaria Konrad Lorenz,,,,123-1,Doctorado en Psicología,Ok,,
